,genre_ids,original_language,popularity,title,vote_average,vote_count
15405,['Documentary'],en,1.705,(Dis)Honesty: The Truth About Lies,7.1,32
8324,['Documentary'],en,6.013,1,7.4,53
7911,"['Drama', 'History']",en,16.493,12 Years a Slave,7.9,6631
93,"['Adventure', 'Drama', 'Thriller']",en,11.435,127 Hours,7.0,4469
2681,"['Adventure', 'Drama', 'Action']",ja,8.866,13 Assassins,7.3,514
17399,"['Action', 'Drama', 'History', 'Thriller', 'War']",en,21.486,13 Hours: The Secret Soldiers of Benghazi,7.0,1573
17978,['Documentary'],en,5.746,13th,8.1,271
14810,"['Romance', 'Drama']",ru,4.598,14+,7.2,35
787,"['Comedy', 'Documentary', 'Drama']",en,2.219,180° South: Conquerors of the Useless,7.1,31
8127,"['Documentary', 'Music']",en,7.866,20 Feet from Stardom,7.4,127
11522,"['Documentary', 'Drama', 'Music']",en,6.125,"20,000 Days on Earth",7.2,101
23872,"['Science Fiction', 'Mystery', 'Adventure']",en,23.781,2001: A Space Odyssey,8.0,5837
21090,"['Science Fiction', 'Thriller']",en,7.381,2036: Nexus Dawn,7.1,147
20839,['Drama'],en,10.413,20th Century Women,7.4,504
24222,"['Drama', 'History', 'Thriller', 'Crime']",en,9.247,22 July,7.2,450
15082,"['Thriller', 'Documentary']",en,2.592,"3 ½ Minutes, 10 Bullets",7.5,42
11375,['Drama'],es,7.349,4 Moons,7.6,92
7989,['Drama'],en,11.28,42,7.0,1028
14448,"['Comedy', 'Drama']",en,7.919,4th Man Out,7.0,203
11399,"['Comedy', 'Romance']",en,7.045,5 to 7,7.2,187
2556,"['Comedy', 'Drama']",en,12.451,50/50,7.1,2111
3252,"['Documentary', 'TV Movie']",en,2.718,6 Days to Air: The Making of South Park,7.5,52
21315,['Documentary'],en,5.271,78/52,7.6,48
8607,"['Documentary', 'Music']",en,3.133,A Band Called Death,7.2,47
2922,['Drama'],en,5.885,A Better Life,7.1,97
8392,"['Drama', 'Comedy']",en,5.318,A Coffee in Berlin,7.2,178
17620,"['Crime', 'Drama', 'Mystery', 'Thriller']",da,9.295,A Conspiracy of Faith,7.0,230
20869,"['Comedy', 'Drama', 'Family', 'Fantasy']",en,9.854,A Dog's Purpose,7.2,1484
24262,['Drama'],es,8.745,A Fantastic Woman,7.1,336
20776,"['Drama', 'Fantasy', 'Romance']",en,11.886,A Ghost Story,7.0,906
17892,['Drama'],en,6.418,A Girl Like Her,7.3,164
17941,"['Action', 'Crime', 'Thriller']",ko,6.044,A Hard Day,7.0,149
8092,"['Comedy', 'Fantasy', 'Animation', 'Drama', 'Family']",ja,8.421,A Letter to Momo,7.6,166
17771,"['Comedy', 'Drama']",sv,7.422,A Man Called Ove,7.4,430
131,"['Animation', 'Comedy', 'Family', 'Crime', 'Mystery']",en,10.1,A Matter of Loaf and Death,7.2,219
20804,"['Drama', 'Fantasy']",en,11.128,A Monster Calls,7.1,1918
21472,['Documentary'],en,3.553,A Plastic Ocean,7.7,41
23847,"['Drama', 'Horror', 'Thriller', 'Science Fiction']",en,29.154,A Quiet Place,7.3,5848
5418,"['Drama', 'History', 'Romance']",da,7.637,A Royal Affair,7.4,451
2702,['Drama'],fa,8.51,A Separation,7.9,792
20743,"['Drama', 'Animation', 'Romance']",ja,13.187,A Silent Voice,8.3,1034
5591,['Drama'],cn,5.877,A Simple Life,7.3,58
23828,"['Drama', 'Romance', 'Music']",en,35.848,A Star Is Born,7.5,5676
21121,"['Drama', 'Family', 'Comedy']",en,7.12,A Street Cat Named Bob,7.5,500
11615,['Drama'],no,5.265,A Thousand Times Good Night,7.1,56
8304,['Drama'],zh,6.171,A Touch of Sin,7.3,114
21356,['Documentary'],en,4.833,Abacus: Small Enough to Jail,7.3,39
7940,"['Comedy', 'Drama', 'Science Fiction']",en,14.133,About Time,7.9,3981
24359,"['Comedy', 'TV Movie', 'Music']",en,7.767,Adam Sandler: 100% Fresh,7.3,45
3161,['Music'],en,3.226,Adele: Live at the Royal Albert Hall,7.3,34
17749,"['TV Movie', 'Comedy']",en,7.652,Adventures in Babysitting,7.1,137
18070,"['Drama', 'History']",ro,4.911,Aferim!,7.9,44
2766,"['Documentary', 'Family', 'Adventure']",en,7.709,African Cats,7.1,105
5632,['Documentary'],en,5.305,Ai Weiwei: Never Sorry,7.2,49
17765,['Comedy'],en,7.488,Ali Wong: Baby Cobra,7.5,74
17992,"['Drama', 'Romance']",en,5.645,Ali and Nino,7.0,35
11985,['Documentary'],en,2.431,Alive Inside,7.7,43
58,['Drama'],en,13.163,All About Eve,8.2,685
14335,"['Drama', 'War']",en,9.583,All Quiet on the Western Front,7.8,299
18281,['Documentary'],en,2.86,All Things Must Pass,7.3,49
2594,"['Drama', 'Music']",en,11.022,Almost Famous,7.5,1339
24179,"['Drama', 'Fantasy', 'Action']",ko,9.902,Along with the Gods: The Last 49 Days,7.5,46
20791,"['Drama', 'Fantasy', 'Action']",ko,11.33,Along with the Gods: The Two Worlds,7.7,110
23992,"['Drama', 'Crime', 'Documentary']",en,14.619,American Animals,7.0,315
11057,"['War', 'Action']",en,18.473,American Sniper,7.4,7658
839,"['Comedy', 'Documentary']",en,2.068,American: The Bill Hicks Story,7.7,32
5293,"['Drama', 'Romance']",fr,10.705,Amour,7.7,746
14433,"['Documentary', 'Music']",en,8.094,Amy,7.6,704
8266,['Drama'],en,6.5,An Adventure in Space and Time,7.9,103
11497,"['History', 'Comedy', 'Documentary']",en,6.301,An Honest Liar,7.3,100
21093,['Documentary'],en,7.357,An Inconvenient Sequel: Truth to Power,7.0,75
24859,"['Drama', 'Mystery']",en,4.169,An Interview with God,7.0,44
11109,"['Crime', 'Drama', 'Mystery', 'Thriller']",en,12.71,Anatomy of a Murder,7.9,359
24352,['Documentary'],en,7.809,Andre the Giant,7.1,54
14529,"['Crime', 'Drama', 'Horror', 'Thriller']",de,7.102,Angst,7.3,108
14309,"['Animation', 'Comedy', 'Drama', 'Romance']",en,10.285,Anomalisa,7.1,927
161,"['Comedy', 'Drama']",en,9.394,Another Year,7.0,150
14171,"['Science Fiction', 'Action', 'Adventure']",en,32.715,Ant-Man,7.1,11949
23816,"['Action', 'Adventure', 'Science Fiction', 'Comedy']",en,44.729,Ant-Man and the Wasp,7.0,6290
8901,"['Drama', 'Adventure', 'Documentary']",en,2.061,Antarctica: A Year on Ice,7.2,41
14823,['Comedy'],en,4.458,Anthony Jeselnik: Thoughts and Prayers,7.5,39
17509,"['History', 'Thriller', 'War']",en,11.87,Anthropoid,7.0,512
31,"['Drama', 'History']",en,15.855,Apollo 13,7.4,2821
5212,"['Drama', 'Thriller']",en,15.793,Argo,7.2,5127
3023,"['Documentary', 'War']",da,4.631,Armadillo,7.2,61
20636,"['Drama', 'Science Fiction', 'Mystery']",en,25.442,Arrival,7.4,10387
22003,"['Mystery', 'Drama']",en,1.739,As You Are,7.0,41
24533,"['Thriller', 'Horror', 'Comedy', 'Mystery']",ja,6.292,As the Gods Will,7.0,93
11420,"['War', 'Drama']",pl,6.878,Ashes and Diamonds,7.7,78
24072,"['Drama', 'Romance']",en,12.096,Ashes in the Snow,7.1,33
17831,['Documentary'],en,6.868,Audrie & Daisy,7.3,104
24403,['Drama'],sv,7.363,Autumn Sonata,8.1,159
6,"['Action', 'Adventure', 'Fantasy', 'Science Fiction']",en,26.526,Avatar,7.4,18676
14169,"['Action', 'Adventure', 'Science Fiction']",en,44.383,Avengers: Age of Ultron,7.3,13457
23811,"['Adventure', 'Action', 'Fantasy']",en,80.773,Avengers: Infinity War,8.3,13948
8414,['Comedy'],en,5.121,Aziz Ansari: Buried Alive,7.1,73
6000,['Comedy'],en,2.265,Aziz Ansari: Dangerously Delicious,7.2,39
20840,"['Action', 'Drama']",te,10.406,Baahubali 2: The Conclusion,7.0,252
411,['Documentary'],fr,5.45,Babies,7.0,77
20646,"['Action', 'Crime']",en,22.895,Baby Driver,7.4,8034
20788,"['Comedy', 'Drama', 'Crime']",th,11.442,Bad Genius,7.5,154
14805,"['Crime', 'Thriller', 'Action', 'Drama']",hi,4.664,Badlapur,7.1,58
14356,"['Action', 'Drama']",te,9.254,Bahubali: The Beginning,7.3,228
14526,"['Action', 'Comedy', 'Drama']",hi,7.122,Bajrangi Bhaijaan,7.9,232
17481,"['Animation', 'Adventure', 'Comedy', 'Family']",en,13.21,Ballerina,7.2,1024
305,"['Animation', 'Comedy', 'Family']",en,7.118,Banana,7.1,178
12109,['Documentary'],en,2.084,Banksy Does New York,7.0,42
24191,"['Animation', 'Family', 'Fantasy']",en,9.721,Bao,7.7,448
289,"['Comedy', 'Drama']",en,7.357,Barney's Version,7.2,210
11227,"['Thriller', 'Animation', 'Action', 'Crime']",en,8.925,Batman: Assault on Arkham,7.3,520
17573,"['Action', 'Animation', 'Science Fiction']",en,10.035,Batman: Bad Blood,7.0,383
11682,"['Action', 'Animation', 'TV Movie']",en,4.473,Batman: Strange Days,7.3,50
5214,"['Action', 'Animation', 'Mystery']",en,15.696,"Batman: The Dark Knight Returns, Part 1",7.7,705
7952,"['Action', 'Animation', 'Mystery']",en,13.326,"Batman: The Dark Knight Returns, Part 2",7.9,689
66,"['Action', 'Animation', 'Mystery']",en,12.704,Batman: Under the Red Hood,7.7,756
2769,"['Action', 'Adventure', 'Animation', 'Crime', 'Mystery']",en,7.66,Batman: Year One,7.2,408
14444,"['Drama', 'War', 'Romance']",ru,7.988,Battle for Sevastopol,7.4,163
15160,['Documentary'],en,2.321,Be Here Now,8.6,38
11337,['Documentary'],en,7.658,Bears,7.3,87
14423,"['Drama', 'War']",en,8.216,Beasts of No Nation,7.6,883
23927,['Drama'],en,17.409,Beautiful Boy,7.6,500
5181,"['Romance', 'Family', 'Animation', 'Fantasy']",en,26.701,Beauty and the Beast,7.7,5730
20718,"['Drama', 'Mystery', 'Thriller', 'Fantasy']",en,14.584,Before I Fall,7.0,2135
7976,"['Romance', 'Drama']",en,11.765,Before Midnight,7.4,1039
21185,"['Documentary', 'TV Movie']",en,6.518,Before the Flood,7.9,387
11153,"['Comedy', 'Music', 'Romance', 'Drama']",en,10.828,Begin Again,7.2,2089
2934,"['Documentary', 'Family']",en,5.762,Being Elmo: A Puppeteer's Journey,7.4,86
11541,['Drama'],en,5.971,Belle,7.3,411
2906,"['Drama', 'History', 'War']",en,6.067,Beneath Hill 60,7.0,66
24138,"['Family', 'Crime', 'Drama']",en,10.503,Benji,7.0,138
14742,"['Documentary', 'History']",en,5.42,Best of Enemies,7.3,84
21446,['Documentary'],en,3.774,Betting on Zero,7.3,48
2510,"['Action', 'Comedy', 'Crime']",en,15.067,Beverly Hills Cop,7.1,1827
6493,['Documentary'],en,1.156,Beware of Mr. Baker,7.6,31
8792,['Documentary'],en,2.34,Beyoncé: Life Is But a Dream,8.3,41
14469,"['Romance', 'Drama']",en,7.717,Beyond the Lights,7.0,238
7927,"['Fantasy', 'Drama', 'Comedy', 'Romance', 'Family']",en,15.031,Big,7.0,1813
11119,['Drama'],en,12.017,Big Eyes,7.0,2153
24167,"['Animation', 'Adventure', 'Fantasy']",zh,10.036,Big Fish & Begonia,7.5,154
14170,"['Adventure', 'Family', 'Animation', 'Action', 'Comedy']",en,36.92,Big Hero 6,7.8,10176
11612,['Comedy'],en,5.313,Bill Burr: I'm Sorry You Feel That Way,7.8,55
498,['Comedy'],en,4.138,Bill Burr: Let It Go,7.9,44
5827,['Comedy'],en,3.128,Bill Burr: You People Are All The Same,7.9,50
714,['Documentary'],en,2.531,Bill Cunningham New York,7.9,48
23857,"['Thriller', 'Drama']",en,26.156,Bird Box,7.0,4777
21014,"['Science Fiction', 'Animation', 'Drama', 'Horror']",es,8.057,Birdboy: The Forgotten Children,7.5,39
11044,"['Drama', 'Comedy']",en,21.833,Birdman,7.4,7747
265,['Drama'],es,7.697,Biutiful,7.2,546
23864,"['Crime', 'Drama']",en,25.101,BlacKkKlansman,7.6,3138
3067,"['Crime', 'Drama']",ca,4.087,Black Bread,7.1,54
24063,"['Science Fiction', 'Mystery', 'Drama', 'Thriller', 'TV Movie']",en,12.282,Black Mirror: Bandersnatch,7.0,1932
23817,"['Action', 'Adventure', 'Fantasy', 'Science Fiction']",en,44.14,Black Panther,7.4,12365
47,"['Drama', 'Thriller']",en,13.745,Black Swan,7.6,8374
8357,['Documentary'],en,5.7,Blackfish,7.9,673
20617,"['Science Fiction', 'Action', 'Thriller']",en,48.571,Blade Runner 2049,7.4,6679
21101,"['Action', 'Animation', 'Science Fiction']",en,7.284,Blade Runner: Black Out 2022,7.4,146
5585,"['Drama', 'Fantasy']",es,5.935,Blancanieves,7.3,122
24093,"['Comedy', 'Drama']",en,11.491,Blindspotting,7.6,224
17554,"['Crime', 'Drama', 'Thriller']",en,10.374,Blood Simple,7.4,554
8387,"['Animation', 'Fantasy', 'Mystery', 'Horror']",ja,5.357,Blue Exorcist: The Movie,7.2,64
8197,"['Romance', 'Drama']",fr,7.223,Blue Is the Warmest Color,7.1,2367
8009,"['Comedy', 'Drama']",en,10.443,Blue Jasmine,7.0,1983
17971,"['Music', 'Comedy']",en,5.817,Bo Burnham: Make Happy,8.4,126
8402,['Comedy'],en,5.214,Bo Burnham: What.,8.2,88
2957,"['Documentary', 'Drama']",en,5.44,Bobby Fischer Against the World,7.0,64
24766,"['Drama', 'Comedy']",en,4.801,Bodied,7.5,40
23825,"['Drama', 'Music']",en,37.197,Bohemian Rhapsody,8.1,7629
21193,"['Drama', 'Crime']",en,6.44,Bomb City,7.4,76
21386,['Documentary'],en,4.457,Bombshell: The Hedy Lamarr Story,7.2,37
20863,"['Drama', 'History']",sv,9.955,Borg vs McEnroe,7.1,548
21217,['Documentary'],zh,6.185,Born in China,7.3,79
14670,"['Animation', 'Drama', 'Western']",en,5.973,Borrowed Time,7.5,100
258,"['Drama', 'Comedy']",en,7.759,Boy,7.5,149
14627,"['Animation', 'Adventure', 'Family', 'Science Fiction']",pt,6.352,Boy & the World,7.3,114
24018,['Drama'],en,13.629,Boy Erased,7.2,431
11138,['Drama'],en,11.141,Boyhood,7.5,3097
11585,['Drama'],nl,5.577,Boys,7.6,290
20916,['Drama'],en,9.246,Brain on Fire,7.2,671
20829,"['Drama', 'Romance']",en,10.606,Breathe,7.5,323
8760,['Documentary'],en,2.438,Bridegroom,7.8,52
14261,"['Thriller', 'Drama']",en,12.836,Bridge of Spies,7.2,4313
21827,['Documentary'],en,2.098,Bright Lights: Starring Carrie Fisher and Debbie Reynolds,7.6,41
20919,"['Comedy', 'Drama']",en,9.237,Brigsby Bear,7.3,188
20723,"['Mystery', 'Thriller', 'Western']",en,14.378,Brimstone,7.1,475
14276,"['Drama', 'Romance']",en,12.083,Brooklyn,7.3,1912
464,['Drama'],da,4.648,Brotherhood,7.5,35
5645,"['Crime', 'Drama']",nl,5.117,Bullhead,7.3,165
2923,"['Documentary', 'Drama']",en,5.877,Bully,7.2,93
196,"['Drama', 'Romance']",en,8.676,Burlesque,7.1,1195
23954,"['Mystery', 'Drama', 'Thriller']",ko,16.152,Burning,7.4,314
14966,"['Comedy', 'Documentary']",en,3.203,Call Me Lucky,7.3,35
23896,"['Romance', 'Drama']",en,20.504,Call Me by Your Name,8.3,4957
11205,['Drama'],en,9.467,Calvary,7.1,531
23899,['Drama'],ar,20.249,Capernaum,8.4,329
17382,"['Adventure', 'Action', 'Science Fiction']",en,39.137,Captain America: Civil War,7.4,14000
11063,"['Action', 'Adventure', 'Science Fiction']",en,18.073,Captain America: The Winter Soldier,7.7,11034
17459,"['Adventure', 'Comedy', 'Drama']",en,14.883,Captain Fantastic,8.0,3445
7922,"['Action', 'Drama', 'Thriller']",en,15.483,Captain Phillips,7.6,3909
11975,"['Fantasy', 'Drama']",en,2.457,Cargo,7.6,47
338,"['Crime', 'Drama', 'Thriller', 'History']",en,6.568,Carlos,7.0,87
2621,"['Comedy', 'Drama']",en,10.181,Carnage,7.1,1478
17482,"['Romance', 'Drama']",en,13.096,Carol,7.4,1949
154,"['Horror', 'Thriller']",en,9.467,Carrie,7.1,1766
21300,['Comedy'],en,5.392,Carrie Pilby,7.2,163
14503,"['Drama', 'Documentary']",en,7.337,Cartel Land,7.3,231
287,"['Drama', 'Comedy', 'Romance']",ko,7.368,Castaway on the Moon,8.1,259
8216,['Comedy'],en,7.02,Castello Cavalcanti,7.1,136
189,"['Documentary', 'Family']",en,8.762,Cave of Forgotten Dreams,7.3,143
310,"['Fantasy', 'Drama', 'Horror', 'Comedy']",it,7.078,Cemetery Man,7.1,192
2754,"['Drama', 'Romance']",fr,7.858,Certified Copy,7.2,149
21558,['Documentary'],en,3.034,Chasing Coral,8.2,47
5624,['Documentary'],en,5.433,Chasing Ice,7.6,91
5517,['Drama'],en,6.546,Chasing Mavericks,7.0,329
11076,['Comedy'],en,15.723,Chef,7.1,1764
5568,"['Comedy', 'Drama']",fr,6.116,Chicken with Plums,7.2,86
2744,"['Animation', 'Adventure', 'Drama', 'Fantasy']",ja,7.959,Children Who Chase Lost Voices,7.1,281
17932,"['Comedy', 'Drama', 'History']",en,6.108,Chimes at Midnight,7.4,65
5689,['Documentary'],en,4.5,Chimpanzee,7.2,61
5527,['Comedy'],es,6.406,Chinese Take-Out,7.3,186
23893,"['Adventure', 'Comedy', 'Family', 'Fantasy']",en,20.931,Christopher Robin,7.4,1280
11131,['Documentary'],en,11.334,Citizenfour,7.9,713
12381,['Documentary'],pt,1.444,City of God – 10 Years Later,7.0,33
21495,"['Thriller', 'Drama']",ar,3.394,Clash,7.5,39
23945,"['Drama', 'Horror']",fr,16.574,Climax,7.3,352
20745,"['Science Fiction', 'Drama']",en,13.044,Close Encounters of the Third Kind,7.3,2005
21182,['Drama'],en,6.547,Closet Monster,7.2,163
14620,"['Documentary', 'Music']",en,6.403,Cobain: Montage of Heck,7.7,406
20635,"['Animation', 'Family', 'Comedy', 'Adventure', 'Fantasy']",en,25.961,Coco,8.2,8669
14302,"['Thriller', 'Science Fiction']",en,10.613,Coherence,7.3,1240
24204,"['Drama', 'Romance', 'Music']",pl,9.48,Cold War,7.6,533
24619,"['Documentary', 'Music']",en,5.791,Coldplay: A Head Full of Dreams,8.0,44
23955,"['Drama', 'History']",en,16.142,Colette,7.0,320
20746,"['Drama', 'Romance']",en,12.857,Collateral Beauty,7.2,3270
17563,"['Thriller', 'Drama', 'Romance', 'History', 'Mystery']",en,10.137,Colonia,7.4,1103
8075,"['Animation', 'Drama', 'Family']",ja,8.819,Colorful,7.4,125
20943,['Drama'],en,8.964,Columbus,7.3,130
3227,['Comedy'],en,2.838,Comedy Central Roast of Charlie Sheen,7.4,38
11606,"['Drama', 'Family']",zh,5.348,Coming Home,7.3,76
14263,['Drama'],en,12.809,Concussion,7.1,1435
21175,['Documentary'],en,6.663,Conor McGregor: Notorious,7.6,67
24183,"['Animation', 'Horror', 'Fantasy', 'Action']",en,9.841,Constantine: City of Demons - The Movie,7.2,68
280,['Drama'],en,7.51,Conviction,7.2,297
14761,"['Science Fiction', 'Comedy', 'Animation', 'Family', 'Adventure']",en,5.279,Cosmic Scrat-tastrophe,7.0,66
2800,['Drama'],en,7.406,Courageous,7.0,128
24082,"['Action', 'Animation', 'Science Fiction']",ja,11.761,Cowboy Bebop: The Movie,7.7,311
11485,['Documentary'],en,6.376,Cowspiracy: The Sustainability Secret,7.9,223
23919,"['Comedy', 'Drama', 'Romance']",en,17.969,Crazy Rich Asians,7.1,1496
2538,"['Comedy', 'Drama', 'Romance']",en,13.277,"Crazy, Stupid, Love.",7.2,4585
14225,['Drama'],en,16.356,Creed,7.3,4010
24299,['Drama'],sv,8.239,Cries and Whispers,8.0,233
8407,['Documentary'],en,5.172,Crystal Lake Memories: The Complete History of Friday the 13th,7.7,40
5982,['Drama'],en,2.319,Curfew,7.6,52
21042,['Drama'],fr,7.794,Custody,7.5,263
8483,['Documentary'],en,4.378,Cutie and the Boxer,7.2,44
490,"['Animation', 'Adventure']",en,4.2,DC Showcase: Green Arrow,7.2,54
11739,"['Drama', 'Romance', 'Comedy']",hi,3.866,Daawat-e-Ishq,7.1,31
11112,"['Drama', 'History']",en,12.389,Dallas Buyers Club,7.9,4961
18204,['Documentary'],en,3.352,Dancer,8.1,32
17574,"['Drama', 'Action']",hi,10.022,Dangal,8.1,358
23975,"['Drama', 'History']",en,15.331,Darkest Hour,7.3,2715
14222,"['Drama', 'History', 'War']",de,16.554,Das Boot,8.1,981
21018,['Comedy'],en,8.016,Dave Chappelle: Deep in the Heart of Texas,7.9,96
21181,['Comedy'],en,6.576,Dave Chappelle: Equanimity,7.6,74
21166,['Comedy'],en,6.836,Dave Chappelle: The Age of Spin,7.9,107
21305,['Comedy'],en,5.344,Dave Chappelle: The Bird Revelation,7.9,57
18095,['Documentary'],en,4.554,David Lynch: The Art Life,7.1,68
11034,"['Science Fiction', 'Action', 'Drama', 'Thriller']",en,27.641,Dawn of the Planet of the Apes,7.3,7080
250,"['Animation', 'Family']",en,7.835,Day & Night,7.7,438
14820,['Documentary'],en,4.507,De Palma,7.3,63
17383,"['Action', 'Adventure', 'Comedy']",en,35.067,Deadpool,7.6,20175
23823,"['Action', 'Comedy', 'Adventure']",en,38.894,Deadpool 2,7.5,8773
21353,"['Action', 'Comedy', 'Crime']",en,4.871,Deadpool: No Good Deed,7.2,42
21320,['Animation'],en,5.231,Dear Basketball,7.1,91
2984,"['Animation', 'Drama']",en,5.158,Death of a Superhero,7.1,64
5606,['Drama'],fr,5.734,Declaration of War,7.1,111
21210,"['Music', 'Documentary']",en,6.245,Demi Lovato: Simply Complicated,8.4,88
25034,"['Documentary', 'TV Movie']",en,3.195,Derren Brown: Pushed to the Edge,7.4,39
20765,"['TV Movie', 'Family', 'Action', 'Comedy', 'Music', 'Adventure']",en,12.21,Descendants 2,7.3,717
8412,"['Comedy', 'Romance']",en,5.134,Design for Living,7.4,71
8,"['Animation', 'Family', 'Comedy']",en,23.673,Despicable Me,7.2,10057
2743,['Drama'],en,7.972,Detachment,7.5,606
20818,"['Crime', 'Drama', 'Thriller', 'History']",en,10.872,Detroit,7.3,795
11803,['Documentary'],en,3.279,Dinosaur 13,7.1,50
14803,['Documentary'],fr,4.726,Dior and I,7.5,78
8405,"['Documentary', 'Drama', 'Crime']",en,5.187,Dirty Wars,7.1,78
8015,"['Drama', 'Thriller']",en,10.319,Disconnect,7.1,681
5189,"['Drama', 'Western']",en,21.26,Django Unchained,8.0,15725
14726,"['Fantasy', 'Drama']",en,5.599,Do You Believe?,7.0,72
17384,"['Action', 'Adventure', 'Fantasy', 'Science Fiction']",en,33.035,Doctor Strange,7.3,12582
17818,"['Science Fiction', 'Adventure', 'Drama', 'Family', 'TV Movie']",en,6.956,Doctor Who: The Return Of Doctor Mysterio,7.5,113
348,['Drama'],en,6.428,Dog Pound,7.6,177
2842,"['Action', 'Thriller']",hi,6.868,Don 2,7.1,97
14358,"['Crime', 'Drama', 'Comedy']",en,9.246,Dope,7.2,954
18175,"['Romance', 'Animation']",ja,3.641,Dou kyu sei – Classmates,7.9,52
5340,"['Drama', 'Action', 'Thriller']",cn,9.073,Dragon,7.1,106
24462,"['Action', 'Animation', 'Fantasy', 'Adventure', 'Comedy', 'Science Fiction']",ja,6.868,Dragon Ball Super: Broly,7.4,721
2608,"['Animation', 'Comedy', 'Adventure', 'Family']",en,10.477,Dragons: Gift of the Night Fury,7.0,189
14706,"['Crime', 'Drama', 'Thriller']",hi,5.754,Drishyam,7.9,126
2502,"['Drama', 'Action', 'Thriller', 'Crime']",en,15.875,Drive,7.5,6737
14396,"['Action', 'Thriller', 'TV Movie']",en,8.661,Duel,7.4,742
24029,"['Comedy', 'Drama']",en,13.221,Dumplin',7.1,658
20640,"['War', 'Action', 'Drama']",en,24.358,Dunkirk,7.4,9156
20990,"['Documentary', 'Family']",en,8.266,Earth: One Amazing Day,7.8,80
17524,"['Comedy', 'Drama', 'History', 'Adventure']",en,11.483,Eddie the Eagle,7.2,1190
3039,"['Animation', 'Drama', 'Mystery', 'Science Fiction']",ja,4.424,Eden of the East Movie I: The King of Eden,7.0,31
11051,"['Action', 'Science Fiction']",en,19.753,Edge of Tomorrow,7.6,8047
23986,"['Comedy', 'Drama']",en,14.777,Eighth Grade,7.4,519
14773,['Documentary'],en,5.179,"Electric Boogaloo: The Wild, Untold Story of Cannon Films",7.6,66
2808,"['Drama', 'Thriller']",ru,7.319,Elena,7.3,92
200,"['Drama', 'Romance']",en,8.531,Elena Undone,7.2,81
2771,"['Drama', 'Action', 'Crime']",pt,7.631,Elite Squad: The Enemy Within,7.7,821
14550,"['Adventure', 'Drama']",es,6.887,Embrace of the Serpent,7.8,212
24440,['Documentary'],en,7.03,End Game,7.5,33
5248,"['Crime', 'Drama', 'Thriller']",en,13.152,End of Watch,7.3,1770
8340,"['Comedy', 'Drama', 'Family']",hi,5.835,English Vinglish,7.5,111
150,"['Fantasy', 'Drama']",en,9.563,Enter the Void,7.3,773
11201,"['Animation', 'Comedy', 'Drama', 'Family']",fr,9.534,Ernest & Celestine,7.7,246
18136,"['Drama', 'Romance']",es,4.088,Esteros,7.1,48
11207,"['Animation', 'Science Fiction', 'Action', 'Drama']",ja,9.395,Evangelion: 3.0 You Can (Not) Redo,7.6,179
2810,"['Drama', 'History']",es,7.286,Even the Rain,7.0,134
24043,"['Drama', 'Fantasy', 'Romance']",en,12.846,Every Day,7.0,1040
5730,['Documentary'],en,4.063,Everything or Nothing,7.2,37
20728,"['Drama', 'Romance']",en,13.998,"Everything, Everything",7.2,2447
14208,"['Drama', 'Science Fiction']",en,18.485,Ex Machina,7.6,8026
194,['Documentary'],en,8.696,Exit Through the Gift Shop,7.7,467
2641,['Drama'],en,9.828,Extremely Loud & Incredibly Close,7.0,1231
18226,['Documentary'],en,3.206,Extremis,7.2,43
17558,"['Drama', 'Thriller', 'War']",en,10.219,Eye in the Sky,7.1,850
24172,['Documentary'],en,10.003,Fahrenheit 11/9,7.1,142
8108,"['Action', 'Adventure', 'Comedy', 'Fantasy', 'Animation']",ja,8.09,Fairy Tail the Movie: Phoenix Priestess,7.0,77
182,"['Animation', 'Comedy', 'Science Fiction']",en,8.956,"Family Guy Presents: Something, Something, Something, Dark Side",7.1,194
24546,"['Fantasy', 'Drama', 'Mystery']",sv,6.239,Fanny & Alexander,7.8,282
17388,"['Adventure', 'Family', 'Fantasy']",en,28.563,Fantastic Beasts and Where to Find Them,7.4,12152
14393,"['Drama', 'Romance']",en,8.683,Far from the Madding Crowd,7.0,586
3424,"['Action', 'Thriller', 'Crime']",en,2.097,Fast Five,7.2,4294
565,['Documentary'],en,3.356,"Fat, Sick & Nearly Dead",7.2,69
20805,"['Action', 'Animation', 'Drama', 'Fantasy', 'Mystery', 'Thriller']",ja,11.122,Fate/Stay Night: Heaven's Feel I. Presage Flower,7.2,42
17822,['Drama'],en,6.916,Fathers and Daughters,7.2,571
24529,['Drama'],fr,6.331,Fauve,7.8,55
11350,"['Animation', 'Comedy', 'Drama', 'Family']",en,7.51,Feast,8.0,578
11455,['Documentary'],en,6.62,Fed Up,7.4,152
21035,['Drama'],en,7.86,Feed,7.3,141
25097,['Documentary'],en,2.871,Feminists: What Were They Thinking?,8.2,42
20664,"['Animation', 'Family', 'Adventure', 'Comedy']",en,19.479,Ferdinand,7.1,1425
17454,"['Adventure', 'Animation', 'Comedy', 'Family']",en,15.393,Finding Dory,7.0,7845
8233,['Documentary'],en,6.837,Finding Vivian Maier,7.8,167
24427,"['Comedy', 'Drama', 'Romance', 'Music']",en,7.161,Finding Your Feet,7.2,64
21316,"['Action', 'Science Fiction', 'War', 'Horror']",en,5.265,Firebase,7.0,54
23878,"['History', 'Drama']",en,22.958,First Man,7.1,2304
21020,"['Drama', 'History', 'War']",en,7.979,First They Killed My Father,7.5,249
5745,"['War', 'Documentary']",en,3.836,Five Broken Cameras,7.6,45
145,"['Romance', 'Drama']",en,9.781,Flipped,7.4,859
8178,"['Action', 'Drama', 'Thriller']",ko,7.409,Flu,7.1,167
3069,"['Music', 'Documentary']",en,4.076,Foo Fighters: Back and Forth,7.6,54
18545,['Documentary'],en,1.993,Food Choices,7.6,45
17916,['Documentary'],en,6.252,For the Love of Spock,7.6,87
120,['Science Fiction'],en,10.274,Forbidden Planet,7.3,388
23962,"['Romance', 'Drama', 'Music']",en,15.953,Forever My Girl,7.4,406
2869,['Documentary'],en,6.489,Forks Over Knives,7.0,73
188,"['War', 'Drama', 'History', 'Action']",ru,8.769,Fortress of War,7.3,75
138,"['Comedy', 'Crime', 'Drama']",en,9.968,Four Lions,7.0,621
24459,['Drama'],he,6.902,Foxtrot,7.2,75
5327,"['Comedy', 'Drama']",en,9.42,Frances Ha,7.4,624
17717,"['History', 'Drama', 'Romance']",fr,7.992,Frantz,7.5,342
24641,"['Comedy', 'Drama']",en,5.589,Freak Show,7.2,49
6248,"['Music', 'Documentary']",en,1.594,Freddie Mercury: The Great Pretender,7.5,33
8056,"['Drama', 'Romance']",de,9.137,Free Fall,7.7,331
24095,['Documentary'],en,11.474,Free Solo,8.0,355
11658,['Documentary'],en,4.772,Free to Play,7.2,77
14506,"['Romance', 'Drama']",en,7.313,Freeheld,7.3,360
5352,"['Crime', 'Drama', 'Science Fiction', 'Thriller']",en,8.833,Frequency,7.1,791
5674,['Animation'],en,4.762,Fresh Guacamole,7.6,65
2500,"['Horror', 'Action', 'Thriller', 'Crime']",en,16.064,From Dusk Till Dawn,7.0,3015
5276,"['Animation', 'Drama']",ja,11.574,From Up on Poppy Hill,7.6,644
7886,"['Animation', 'Adventure', 'Family']",en,26.183,Frozen,7.3,9767
8033,['Drama'],en,9.587,Fruitvale Station,7.4,645
14196,"['Action', 'Crime', 'Thriller']",en,20.396,Furious 7,7.3,6538
11028,"['War', 'Drama', 'Action']",en,29.117,Fury,7.4,6653
14838,"['Drama', 'Action']",hi,4.326,Gabbar Is Back,7.0,50
582,['Comedy'],en,3.233,Gabriel Iglesias: Hot and Fluffy,7.4,37
18327,['Comedy'],en,2.674,Gabriel Iglesias: I'm Sorry for What I Said When I Was Hungry,7.5,34
24960,['Comedy'],en,3.56,Gad Elmaleh: American Dream,7.1,54
21285,"['Documentary', 'Music']",en,5.544,Gaga: Five Foot Two,7.7,368
5354,"['TV Movie', 'Drama', 'History']",en,8.826,Game Change,7.0,155
20957,"['Animation', 'Fantasy', 'War']",en,8.692,Game of Thrones: Conquest & Rebellion,8.5,35
21502,"['Animation', 'Comedy']",fr,3.378,Garden Party,7.5,39
345,['Documentary'],en,6.468,Gasland,7.5,80
2697,"['Music', 'Documentary']",en,8.59,George Harrison: Living in the Material World,7.9,96
21462,['Documentary'],en,3.618,Get Me Roger Stone,7.1,58
20637,"['Mystery', 'Thriller', 'Horror']",en,24.739,Get Out,7.5,8760
8300,"['Animation', 'Family']",en,6.204,Get a Horse!,7.6,122
5668,"['Action', 'Science Fiction', 'Thriller', 'War']",en,4.801,Ghost Recon: Alpha,7.5,50
23985,"['Horror', 'Mystery', 'Thriller']",en,14.781,Ghostland,7.2,764
20682,"['Drama', 'Family', 'Comedy']",en,16.745,Gifted,7.9,2035
18351,"['Music', 'Documentary']",en,2.581,Gimme Danger,7.0,52
11583,"['Animation', 'Drama', 'History']",ja,5.623,Giovanni's Island,7.5,38
2900,"['Documentary', 'Music', 'Family']",en,6.171,Glee: The Concert Movie,7.2,140
5338,"['Comedy', 'Drama']",en,9.153,God Bless America,7.1,532
24234,['Drama'],en,9.097,God's Not Dead: A Light in Darkness,7.0,47
20909,"['Romance', 'Drama']",en,9.303,God's Own Country,7.8,321
14337,['Documentary'],en,9.557,Going Clear: Scientology and the Prison of Belief,7.8,479
8349,"['Drama', 'Music', 'Romance']",hi,5.733,Goliyon Ki Raasleela Ram-Leela,7.2,93
11027,"['Mystery', 'Thriller', 'Drama']",en,31.215,Gone Girl,7.9,10459
8965,"['Music', 'Documentary', 'History']",en,1.938,Good Ol' Freda,7.0,31
20787,"['Crime', 'Drama', 'Thriller']",en,11.494,Good Time,7.1,805
2485,['Drama'],en,18.013,Good Will Hunting,8.1,5764
20855,"['Family', 'History']",en,10.068,Goodbye Christopher Robin,7.1,409
7884,"['Science Fiction', 'Thriller', 'Drama']",en,27.836,Gravity,7.2,9586
17899,"['TV Movie', 'Music']",en,6.378,Grease Live,7.2,196
18611,"['Family', 'Drama']",en,1.891,Greater,7.3,37
23827,"['Drama', 'Comedy']",en,36.284,Green Book,8.3,3499
11021,"['Action', 'Science Fiction', 'Adventure']",en,49.606,Guardians of the Galaxy,7.9,17958
20622,"['Action', 'Adventure', 'Comedy', 'Science Fiction']",en,40.228,Guardians of the Galaxy Vol. 2,7.7,12535
388,"['Drama', 'Romance']",hi,5.919,Guzaarish,7.6,52
17396,"['Drama', 'History', 'War']",en,24.074,Hacksaw Ridge,8.1,6608
17936,"['Romance', 'Comedy', 'Drama', 'TV Movie']",en,6.076,Hairspray Live!,7.3,85
11564,"['Animation', 'Romance']",ja,5.827,Hal,7.2,46
20997,['Drama'],en,8.172,Handsome Devil,7.1,340
8270,['Drama'],de,6.477,Hannah Arendt,7.2,138
24435,['Comedy'],en,7.07,Hannah Gadsby: Nanette,8.4,112
9175,['Documentary'],en,1.472,Happy,7.2,36
416,['Documentary'],en,5.38,Happy People: A Year in the Taiga,7.7,65
24242,['Drama'],it,8.998,Happy as Lazzaro,7.5,170
0,"['Adventure', 'Fantasy', 'Family']",en,33.533,Harry Potter and the Deathly Hallows: Part 1,7.7,10788
2471,"['Family', 'Fantasy', 'Adventure']",en,29.206,Harry Potter and the Deathly Hallows: Part 2,8.1,11567
21420,"['Music', 'Documentary']",en,4.049,Harry Styles: Behind the Album,8.3,41
21184,['Comedy'],en,6.538,Hasan Minhaj: Homecoming King,7.9,63
2685,"['Thriller', 'Crime']",no,8.836,Headhunters,7.3,601
2855,"['Drama', 'Romance']",fr,6.63,Heartbeats,7.4,490
24031,"['Drama', 'Music', 'Comedy']",en,13.201,Hearts Beat Loud,7.4,87
24243,"['Comedy', 'Music']",fi,8.996,Heavy Trip,7.0,43
17755,"['Adventure', 'Family']",de,7.605,Heidi,7.1,178
17449,"['Crime', 'Drama', 'Thriller', 'Western']",en,15.749,Hell or High Water,7.3,2468
11073,"['Romance', 'Science Fiction', 'Drama']",en,15.968,Her,7.9,7776
23856,"['Horror', 'Mystery', 'Thriller']",en,26.185,Hereditary,7.0,2491
21460,['Documentary'],en,3.632,Heroin(e),7.4,52
302,['Drama'],en,7.14,Hesher,7.0,335
21208,"['Comedy', 'Animation', 'Adventure']",en,6.266,Hey Arnold! The Jungle Movie,7.8,63
12060,"['Romance', 'Drama']",es,2.222,Hidden Away,7.8,46
20713,"['Drama', 'History']",en,14.751,Hidden Figures,8.0,4710
17550,"['Drama', 'Music', 'Romance']",en,10.502,High Strung,7.1,616
11544,"['Drama', 'Romance', 'Crime']",hi,5.936,Highway,7.1,81
14712,['Documentary'],en,5.724,Hitchcock/Truffaut,7.4,98
24390,"['Comedy', 'Music', 'Romance']",es,7.471,Holy Camp!,7.0,209
18391,['Documentary'],en,2.451,Holy Hell,7.1,59
5631,"['Drama', 'Fantasy']",fr,5.31,Holy Motors,7.0,431
3362,['Drama'],en,2.288,Honey,7.1,39
7151,"['Romance', 'Animation', 'Fantasy']",ja,0.6,Hotarubi no Mori e,8.2,279
24441,"['Drama', 'Horror']",sv,7.021,Hour of the Wolf,7.5,171
5640,['Documentary'],en,5.201,How to Survive a Plague,7.7,34
1,"['Fantasy', 'Adventure', 'Animation', 'Family']",en,28.734,How to Train Your Dragon,7.7,7610
11035,"['Fantasy', 'Action', 'Adventure', 'Animation', 'Comedy', 'Family']",en,27.106,How to Train Your Dragon 2,7.7,5589
17629,"['Drama', 'Romance']",en,9.155,Howards End,7.2,201
354,['Documentary'],en,6.346,Hubble 3D,7.1,54
2544,"['Adventure', 'Drama', 'Family']",en,12.936,Hugo,7.1,4124
14711,['Documentary'],fr,5.734,Human,8.6,155
21689,['Documentary'],en,2.503,Human Flow,7.1,41
17492,"['Adventure', 'Comedy', 'Drama']",en,12.545,Hunt for the Wilderpeople,7.8,915
11724,['Documentary'],en,4.065,I Am Ali,7.0,40
18172,['Documentary'],en,3.681,I Am Bolt,7.0,47
5565,['Documentary'],en,6.133,I Am Bruce Lee,7.7,60
15016,['Documentary'],en,2.896,I Am Chris Farley,7.2,54
8873,['Documentary'],en,2.128,I Am Divine,7.8,35
21259,['Documentary'],en,5.785,I Am Heath Ledger,7.6,109
21135,['Documentary'],en,7.026,I Am Not Your Negro,8.1,196
24194,"['Drama', 'Family', 'Music']",en,9.7,I Can Only Imagine,7.6,155
8506,['Documentary'],en,4.136,I Know That Voice,7.0,54
11264,"['Science Fiction', 'Drama']",en,8.459,I Origins,7.6,1814
2679,"['Thriller', 'Horror']",ko,8.904,I Saw the Devil,7.7,951
5564,['Drama'],ja,6.138,I Wish,7.2,68
457,['Drama'],en,4.851,I'm Here,7.2,82
20924,['Drama'],en,9.171,"I, Daniel Blake",7.7,633
23973,['Drama'],en,15.407,"I, Tonya",7.5,2904
20883,['Documentary'],en,9.661,Icarus,7.8,293
11344,['Drama'],pl,7.568,Ida,7.3,455
24020,"['Drama', 'Romance', 'Crime']",en,13.579,If Beale Street Could Talk,7.2,388
11118,['Drama'],en,12.047,If I Stay,7.4,2703
24535,['Comedy'],en,6.282,Iliza Shlesinger: Elder Millennial,7.3,32
2932,"['Drama', 'War']",de,5.785,In Darkness,7.2,81
21509,"['Drama', 'War']",ar,3.346,In Syria,7.1,35
21117,"['Drama', 'Animation']",ja,7.168,In This Corner of the World,8.1,178
11338,"['Drama', 'Romance', 'Science Fiction']",en,7.654,In Your Eyes,7.0,408
2712,['Drama'],da,8.381,In a Better World,7.3,187
21008,"['Family', 'Animation', 'Romance', 'Comedy']",en,8.097,In a Heartbeat,8.3,684
20672,"['Drama', 'Crime']",de,17.879,In the Fade,7.0,390
8124,"['Comedy', 'Drama', 'Mystery', 'Thriller']",fr,7.875,In the House,7.4,422
462,"['Comedy', 'Romance', 'Drama']",ru,4.701,Inadequate People,7.2,35
180,"['Drama', 'War', 'Mystery']",fr,8.973,Incendies,8.1,1034
4,"['Action', 'Science Fiction', 'Adventure']",en,27.92,Inception,8.3,22186
342,"['Animation', 'Action', 'Thriller', 'Science Fiction']",en,6.516,Inception: The Cobol Job,7.4,227
23826,"['Action', 'Adventure', 'Animation', 'Family']",en,36.286,Incredibles 2,7.6,6354
5556,['Documentary'],en,6.202,Indie Game: The Movie,7.8,259
8393,['Documentary'],en,5.314,Inequality for All,7.7,64
18103,"['Animation', 'Comedy']",en,4.499,Inner Workings,8.0,80
152,['Documentary'],en,9.514,Inside Job,7.8,466
8006,['Drama'],en,10.549,Inside Llewyn Davis,7.2,1400
14184,"['Drama', 'Comedy', 'Animation', 'Family']",en,24.797,Inside Out,8.0,12691
23881,"['Comedy', 'Drama']",en,22.634,Instant Family,7.6,782
8232,"['Comedy', 'Drama']",es,6.842,Instructions Not Included,7.6,339
2695,"['Science Fiction', 'Music', 'Animation', 'Adventure']",en,8.613,Interstella 5555: The 5tory of the 5ecret 5tar 5ystem,7.7,156
11032,"['Adventure', 'Drama', 'Science Fiction']",en,28.44,Interstellar,8.2,18597
2885,"['Documentary', 'Crime']",en,6.289,Into the Abyss,7.2,132
17994,['Documentary'],en,5.632,Into the Inferno,7.0,74
122,"['Drama', 'Action', 'History']",cn,10.23,Ip Man,7.7,1906
3368,"['Action', 'History', 'Drama']",cn,2.268,Ip Man 2,7.3,1053
11598,['Documentary'],en,5.445,Iris,7.6,71
24125,"['Comedy', 'Romance', 'Drama']",en,10.783,Irreplaceable You,7.0,410
8978,"['Documentary', 'Animation']",en,1.923,Is the Man Who Is Tall Happy?,7.2,45
23934,"['Adventure', 'Comedy', 'Animation']",en,16.954,Isle of Dogs,7.9,1942
20729,"['Horror', 'Thriller']",en,13.966,It,7.2,10931
135,"['Comedy', 'Drama']",en,10.01,It's Kind of a Funny Story,7.0,1324
5743,"['Drama', 'Animation']",en,3.85,It's Such a Beautiful Day,8.2,59
11913,['Documentary'],en,2.651,Iverson,7.2,51
14807,"['Drama', 'Family']",en,4.618,Jack of the Red Hearts,7.1,59
24814,['Documentary'],en,4.494,Jane,7.7,39
2559,"['Drama', 'Romance']",en,12.329,Jane Eyre,7.1,758
14780,"['Documentary', 'Music']",en,5.09,Janis: Little Girl Blue,7.4,90
21425,['Comedy'],en,4.018,Jerry Before Seinfeld,7.1,58
21083,['Documentary'],en,7.442,Jim & Andy: The Great Beyond,7.6,304
21510,['Comedy'],en,3.336,Jim Gaffigan: Cinco,7.3,38
6010,"['Comedy', 'TV Movie']",en,2.24,Jim Gaffigan: Mr. Universe,7.2,37
12172,['Comedy'],en,1.927,Jim Gaffigan: Obsessed,7.4,35
11626,['Comedy'],en,5.186,Jim Jefferies: Bare,7.7,70
18061,['Comedy'],en,5.02,Jim Jefferies: Freedumb,7.7,54
6287,['Comedy'],en,1.494,Jim Jefferies: Fully Functional,7.6,32
2820,['Documentary'],en,7.162,Jiro Dreams of Sushi,7.9,377
8120,"['Documentary', 'Drama']",en,7.944,Jodorowsky's Dune,8.0,276
24628,['Comedy'],en,5.683,John Mulaney: Kid Gorgeous at Radio City,8.2,76
5572,['Comedy'],en,6.028,John Mulaney: New in Town,8.3,75
14692,['Comedy'],en,5.865,John Mulaney: The Comeback Kid,7.7,100
11019,"['Action', 'Thriller']",en,78.123,John Wick,7.2,10081
20619,"['Thriller', 'Action', 'Crime']",en,45.253,John Wick: Chapter 2,7.0,5863
17693,"['Drama', 'Romance']",es,8.287,Julieta,7.0,445
91,"['Action', 'Adventure', 'Animation']",en,11.498,Justice League: Crisis on Two Earths,7.2,277
5333,"['Action', 'Animation', 'Thriller']",en,9.341,Justice League: Doom,7.3,360
7974,"['Fantasy', 'Science Fiction', 'Animation', 'Action', 'Adventure']",en,11.819,Justice League: The Flashpoint Paradox,7.5,738
11141,"['Animation', 'Action']",en,11.109,Justice League: War,7.2,415
8338,"['Documentary', 'Music']",en,5.877,Justin Bieber: Believe,7.3,106
21311,"['Action', 'Thriller', 'Drama']",hi,5.307,Kaabil,7.1,68
17643,['Documentary'],tr,8.982,Kedi,7.5,106
2858,"['Comedy', 'Documentary']",en,6.558,Kevin Hart: Laugh at My Pain,7.4,76
301,['Comedy'],en,7.146,Kevin Hart: Seriously Funny,7.3,89
61,"['Action', 'Crime']",en,13.08,Kick-Ass,7.1,7540
2526,"['Crime', 'Action']",en,14.173,Kill Bill: The Whole Bloody Affair,7.9,363
8189,"['Drama', 'Romance', 'Thriller']",en,7.296,Kill Your Darlings,7.2,847
273,"['Drama', 'Action']",no,7.616,King of Devil's Island,7.3,96
20641,"['Action', 'Adventure', 'Comedy']",en,24.337,Kingsman: The Golden Circle,7.0,5531
14181,"['Crime', 'Comedy', 'Action', 'Adventure']",en,26.103,Kingsman: The Secret Service,7.6,10287
20860,"['Music', 'Drama', 'Romance']",en,10.016,Kiss and Cry,7.5,222
17735,"['Mystery', 'Animation', 'Fantasy', 'Horror']",ja,7.793,Kizumonogatari Part 1: Tekketsu,7.9,49
21124,"['Animation', 'Fantasy', 'Mystery']",ja,7.101,Kizumonogatari Part 2: Nekketsu,8.4,38
21076,"['Animation', 'Fantasy', 'Mystery']",ja,7.53,Kizumonogatari Part 3: Reiketsu,8.5,34
8073,"['Adventure', 'History']",en,8.849,Kon-Tiki,7.0,353
17472,"['Animation', 'Adventure', 'Family']",en,13.847,Kubo and the Two Strings,7.7,2029
6161,['Documentary'],en,1.816,Kumaré,7.2,36
14434,"['Action', 'Comedy', 'Science Fiction', 'Fantasy']",en,8.059,Kung Fury,7.5,1146
17760,"['Family', 'Adventure', 'Animation', 'Action']",en,7.534,LEGO DC Comics Super Heroes: Justice League - Gotham City Breakout,7.4,38
20688,"['Comedy', 'Drama', 'Romance']",en,16.275,La La Land,7.9,10028
5461,"['Animation', 'Family']",en,7.165,La Luna,8.0,389
14566,"['Drama', 'History']",de,6.799,Labyrinth of Lies,7.2,343
20690,"['Comedy', 'Drama']",en,15.974,Lady Bird,7.3,3866
3108,['Music'],en,3.635,Lady Gaga Presents: The Monster Ball Tour at Madison Square Garden,8.9,46
17694,"['Drama', 'History', 'War', 'Thriller']",da,8.268,Land of Mine,7.8,676
12128,"['War', 'Documentary']",en,2.037,Last Days in Vietnam,7.6,45
24933,"['Animation', 'Drama']",en,3.702,Late Afternoon,7.7,40
8146,"['Drama', 'Romance']",fr,7.662,Laurence Anyways,7.8,364
14383,"['Animation', 'Family']",en,8.878,Lava,7.4,630
5268,"['Crime', 'Drama']",en,12.147,Lawless,7.0,1660
12504,"['Documentary', 'Music']",en,1.365,Leave the World Behind,7.3,31
8925,['Drama'],ru,2.017,Legend No. 17,7.3,58
608,"['Documentary', 'Music']",en,3.047,Lemmy,7.4,51
18008,['Music'],en,5.497,Lemonade,8.7,83
2669,"['Drama', 'Comedy']",en,9.053,Lemonade Mouth,7.2,485
5295,"['History', 'Drama']",en,10.458,Les Misérables,7.4,3283
11117,['Drama'],ru,12.151,Leviathan,7.5,382
963,['Documentary'],en,1.726,Life Cycles,8.6,31
24080,"['Drama', 'Romance']",en,11.86,Life Itself,7.1,107
2930,"['Documentary', 'Drama']",en,5.818,Life in a Day,7.3,116
5223,"['Adventure', 'Drama', 'Action']",en,15.0,Life of Pi,7.3,8723
17947,['Documentary'],en,5.98,"Life, Animated",7.8,76
11312,['Drama'],ja,7.902,"Like Father, Like Son",7.5,234
8175,['Drama'],ja,7.426,Like Someone in Love,7.3,93
14795,"['Drama', 'Music']",en,4.883,"Like Sunday, Like Rain",7.5,56
11645,['Drama'],en,4.904,Lilting,7.2,69
2479,"['Thriller', 'Mystery', 'Science Fiction']",en,19.453,Limitless,7.1,6295
17429,['Drama'],en,17.216,Lion,8.1,3833
14799,['Documentary'],en,4.799,Listen to Me Marlon,7.5,73
467,"['Drama', 'Music', 'Romance']",en,4.602,Listen to Your Heart,7.6,59
14698,"['Comedy', 'Drama', 'War']",en,5.805,Little Boy,7.0,292
20620,"['Action', 'Drama', 'Science Fiction']",en,45.0,Logan,7.8,12330
7923,"['Action', 'Drama', 'War']",en,15.404,Lone Survivor,7.4,2289
21338,['Documentary'],en,5.034,Long Shot,7.2,39
17809,"['Comedy', 'Drama', 'Romance']",en,7.073,Looking: The Movie,7.4,126
225,"['Comedy', 'Drama', 'Romance']",it,8.202,Loose Cannons,7.4,310
21163,"['Family', 'Fantasy', 'Animation']",en,6.849,Lou,7.8,157
21130,['Comedy'],en,7.059,Louis C.K. 2017,7.4,131
203,['Comedy'],en,8.504,Louis C.K.: Hilarious,8.0,127
14640,"['Comedy', 'Documentary']",en,6.217,Louis C.K.: Live at The Comedy Store,7.5,91
2843,['Comedy'],en,6.863,Louis C.K.: Live at the Beacon Theater,8.1,120
8229,['Comedy'],en,6.887,Louis C.K.: Oh My God,7.6,96
14317,"['Drama', 'Music']",en,10.103,Love & Mercy,7.2,363
11129,"['Comedy', 'Romance']",en,11.338,"Love, Rosie",7.8,3594
23970,"['Comedy', 'Drama', 'Romance']",en,15.608,"Love, Simon",8.2,3165
20857,"['Animation', 'Drama', 'Mystery']",en,10.025,Loving Vincent,8.2,1200
18319,"['Action', 'Comedy']",ko,2.691,Luck-Key,7.0,32
20965,['Drama'],en,8.589,Lucky,7.5,212
21061,"['Science Fiction', 'Animation', 'Action', 'Crime']",fr,7.643,MFKZ,7.1,81
14177,"['Action', 'Adventure', 'Science Fiction']",en,28.099,Mad Max: Fury Road,7.4,14454
2927,"['Drama', 'TV Movie']",en,5.836,Magic Beyond Words: The JK Rowling Story,7.1,110
14573,"['Drama', 'Thriller']",es,6.741,Magical Girl,7.5,95
8823,"['Adventure', 'Documentary']",en,2.257,Maidentrip,7.4,33
11054,"['Fantasy', 'Adventure', 'Action', 'Family', 'Romance']",en,19.274,Maleficent,7.0,8143
23969,"['Comedy', 'Romance']",en,15.72,Mamma Mia! Here We Go Again,7.2,1722
17436,['Drama'],en,16.638,Manchester by the Sea,7.5,3176
21220,['Drama'],en,6.154,Manifesto,7.4,76
673,"['Drama', 'Romance']",en,2.681,Mao's Last Dancer,7.0,45
24096,"['Animation', 'Drama', 'Fantasy']",ja,11.298,Maquia: When the Promised Flower Blooms,7.0,67
14789,"['Action', 'History', 'Drama']",ru,4.971,Marco Polo: One Hundred Eyes,7.2,58
15318,['Drama'],hi,1.906,Margarita with a Straw,7.1,37
15023,['Drama'],fr,2.85,Marie's Story,7.4,46
5605,['Documentary'],en,5.743,Marina Abramović: The Artist Is Present,7.6,70
5495,"['Music', 'Documentary']",en,6.86,Marley,7.6,149
24062,"['Drama', 'Horror', 'Thriller', 'Mystery']",en,12.293,Marrowbone,7.1,480
24341,['Drama'],en,7.879,Marshall,7.3,257
11378,['Thriller'],es,7.334,Marshland,7.1,466
2650,"['Science Fiction', 'Fantasy']",en,9.538,Marvel One-Shot: A Funny Thing Happened on the Way to Thor's Hammer,7.2,154
7957,"['Action', 'Adventure', 'Science Fiction', 'Fantasy']",en,13.078,Marvel One-Shot: Agent Carter,7.6,341
11295,"['Action', 'Comedy', 'Drama', 'Fantasy', 'Thriller']",en,8.038,Marvel One-Shot: All Hail the King,7.0,198
11723,"['Action', 'Drama', 'History']",hi,4.077,Mary Kom,7.2,49
24094,"['Drama', 'Romance']",en,11.487,Mary Shelley,7.1,388
20973,"['Fantasy', 'Adventure', 'Animation']",ja,8.478,Mary and the Witch's Flower,7.1,336
5459,['Drama'],ko,7.188,Masquerade,7.8,62
21379,"['Crime', 'Action']",ko,4.579,Master,7.1,33
17748,"['Drama', 'History', 'Romance']",en,7.658,Maudie,7.7,125
367,"['Drama', 'History', 'War']",no,6.23,Max Manus: Man of War,7.1,114
23875,"['Action', 'Science Fiction']",en,23.166,Maze Runner: The Death Cure,7.0,3894
14426,['Drama'],en,8.197,"McFarland, USA",7.3,358
24713,['Documentary'],en,5.152,McQueen,8.2,42
17431,"['Drama', 'Romance']",en,16.917,Me Before You,7.7,5939
14395,"['Comedy', 'Drama']",en,8.677,Me and Earl and the Dying Girl,7.6,1570
5920,['Documentary'],en,2.578,Mea Maxima Culpa: Silence in the House of God,7.7,38
20872,"['Drama', 'War']",en,9.839,Megan Leavey,7.1,378
2592,"['Drama', 'Science Fiction']",da,11.123,Melancholia,7.1,1642
21201,"['Thriller', 'Action', 'Crime']",ko,6.338,Memoir of a Murderer,7.4,58
11980,['Documentary'],en,2.45,Merchants of Doubt,7.7,50
14420,"['Adventure', 'Documentary']",en,8.237,Meru,7.6,117
230,"['Drama', 'Action', 'Thriller', 'Crime']",fr,8.131,Mesrine: Killer Instinct,7.4,434
263,"['Action', 'Thriller', 'Crime', 'Drama']",fr,7.7,Mesrine: Public Enemy #1,7.4,404
8261,"['Crime', 'Thriller', 'Drama', 'Action']",tl,6.523,Metro Manila,7.5,77
18219,['Comedy'],en,3.279,Michael Che Matters,7.2,32
18202,"['Music', 'Documentary']",en,3.388,Michael Jackson's Journey from Motown to Off the Wall,7.3,44
23968,"['Comedy', 'Drama']",en,15.753,Mid90s,7.5,301
17678,"['Family', 'Comedy']",en,8.479,Middle School: The Worst Years of My Life,7.0,190
23924,"['Romance', 'Drama']",en,17.721,Midnight Sun,7.7,1608
2539,"['Fantasy', 'Comedy', 'Romance']",en,13.171,Midnight in Paris,7.5,3965
8507,"['Drama', 'Comedy']",en,4.11,Mike Birbiglia: My Girlfriend's Boyfriend,7.9,36
21600,['Comedy'],en,2.839,Mike Birbiglia: Thank God for Jokes,7.7,33
24353,['Documentary'],en,7.803,Minding the Gap,7.9,51
8243,"['Adventure', 'Animation', 'Comedy', 'Family', 'Science Fiction']",en,6.758,Minions: Training Wheels,7.2,104
17571,['Drama'],en,10.078,Miracles from Heaven,7.1,478
23931,"['Science Fiction', 'Thriller', 'Drama', 'Romance']",es,17.172,Mirage,7.6,452
24247,"['Animation', 'Fantasy', 'Adventure', 'Family']",ja,8.976,Mirai,7.4,165
3127,['Documentary'],en,3.479,Miss Representation,7.7,45
20764,"['Drama', 'Thriller']",en,12.215,Miss Sloane,7.4,912
14487,"['Comedy', 'Drama']",en,7.535,Miss You Already,7.4,414
23844,['Action'],en,29.69,Mission: Impossible - Fallout,7.3,3811
2483,"['Action', 'Thriller', 'Adventure']",en,18.304,Mission: Impossible - Ghost Protocol,7.0,6102
14197,['Action'],en,20.177,Mission: Impossible - Rogue Nation,7.1,5242
13515,"['Documentary', 'Music']",en,0.6,Mistaken for Strangers,7.1,34
18108,"['Adventure', 'Comedy', 'Family', 'Animation']",en,4.419,Moana,7.5,6907
20715,"['Crime', 'Drama']",en,14.64,Molly's Game,7.1,1724
11142,['Drama'],en,11.095,Mommy,8.3,1399
21246,"['Crime', 'Documentary']",en,5.893,Mommy Dead and Dearest,7.3,85
2505,['Drama'],en,15.393,Moneyball,7.1,2255
11672,['Animation'],en,4.575,Monster High: Freaky Fusion,7.2,32
7892,"['Animation', 'Family']",en,20.33,Monsters University,7.0,6362
12178,['Comedy'],en,1.898,Monty Python Live (Mostly),7.1,32
20691,['Drama'],en,15.948,Moonlight,7.4,3893
5236,"['Comedy', 'Drama', 'Romance']",en,14.086,Moonrise Kingdom,7.7,3023
8740,['Documentary'],en,2.512,More Than Honey,7.3,48
596,"['Action', 'Fantasy']",en,3.121,Mortal Kombat: Rebirth,7.2,52
17804,['Drama'],en,7.125,Mr. Church,7.2,244
2491,"['Science Fiction', 'Drama', 'Romance', 'Fantasy']",en,17.242,Mr. Nobody,7.9,3279
14776,"['Crime', 'Action', 'Drama']",zh,5.131,Mr. Six,7.1,45
8328,['Comedy'],en,5.952,Much Ado About Nothing,7.2,165
7966,['Drama'],en,12.507,Mud,7.0,1592
20947,['Drama'],en,8.855,Mudbound,7.6,590
20900,"['Animation', 'Family', 'Adventure', 'Fantasy', 'Comedy']",fr,9.43,Mune: Guardian of the Moon,7.0,241
14972,"['TV Movie', 'Mystery', 'Drama']",en,3.165,"Murder, She Baked: A Chocolate Chip Cookie Mystery",7.3,32
14490,['Drama'],tr,7.459,Mustang,8.0,755
17977,['Drama'],en,5.753,My All American,7.1,63
18633,['Documentary'],en,1.855,My Beautiful Broken Brain,7.3,37
24193,"['Animation', 'Action', 'Comedy', 'Fantasy', 'Adventure']",ja,9.713,My Hero Academia: Two Heroes,8.3,134
21017,"['Animation', 'Drama', 'Family']",fr,8.039,My Life as a Zucchini,7.8,591
272,"['Drama', 'Romance']",hi,7.619,My Name Is Khan,7.8,409
23865,"['Fantasy', 'Animation', 'Family']",ja,25.068,My Neighbor Totoro,8.1,3267
5574,"['Drama', 'Action', 'History', 'War']",ko,6.001,My Way,7.6,113
3052,"['Mystery', 'Drama']",pt,4.249,Mysteries of Lisbon,7.0,38
14984,"['Crime', 'Action', 'Drama', 'Horror', 'Thriller']",hi,3.099,NH10,7.0,39
24073,"['Comedy', 'Romance']",en,12.057,Nappily Ever After,7.3,549
8689,"['Crime', 'Documentary']",en,2.751,Narco Cultura,7.0,37
12072,"['Documentary', 'Music']",en,2.193,Nas: Time Is Illmatic,7.3,38
8041,"['Drama', 'Adventure']",en,9.521,Nebraska,7.4,967
17464,"['Mystery', 'Adventure', 'Crime']",en,14.508,Nerve,7.1,4590
491,['Documentary'],en,4.197,Never Sleep Again: The Elm Street Legacy,8.2,63
8113,['Thriller'],ko,8.048,New World,7.4,182
21369,"['Comedy', 'Drama']",hi,4.702,Newton,7.0,54
24152,"['Action', 'Adventure', 'Animation', 'Family']",en,10.256,Next Gen,7.0,268
24916,['Drama'],it,3.789,"Nico, 1988",7.3,40
21010,"['Comedy', 'Romance', 'Animation']",ja,8.075,"Night Is Short, Walk on Girl",8.1,46
12025,['Documentary'],en,2.318,Night Will Fall,7.7,37
11039,"['Crime', 'Drama', 'Thriller']",en,25.597,Nightcrawler,7.7,5860
8174,"['Drama', 'History']",es,7.436,No,7.2,211
20926,"['Fantasy', 'Comedy', 'Animation']",ja,9.149,No Game No Life: Zero,7.5,91
8462,['Documentary'],en,4.641,No Half Measures: Creating the Final Season of Breaking Bad,8.6,68
11510,"['Action', 'Thriller']",ko,6.259,No Tears for the Dead,7.0,88
17709,['Comedy'],es,8.092,No manches Frida,7.3,144
20689,"['Drama', 'Thriller']",en,16.19,Nocturnal Animals,7.4,4192
2787,"['Drama', 'Romance']",nl,7.502,North Sea Texas,7.2,108
3139,['Documentary'],es,3.401,Nostalgia for the Light,7.8,58
21683,"['Drama', 'Fantasy', 'Horror', 'Romance']",et,2.519,November,7.6,38
7909,"['Thriller', 'Crime']",en,16.646,Now You See Me,7.4,9871
307,['Drama'],en,7.099,Nowhere Boy,7.3,469
17819,['Documentary'],en,6.939,O.J. Made in America,8.5,115
279,"['Documentary', 'Family']",en,7.532,Oceans,7.2,167
11610,['Drama'],ko,5.323,Ode to My Father,7.1,38
11828,"['Drama', 'Romance', 'Comedy']",is,3.055,Of Horses and Men,7.0,34
24962,"['Comedy', 'Drama']",ja,3.554,Oh Lucy!,7.1,39
21959,['Comedy'],en,1.828,"Oh, Hello: On Broadway",7.1,35
20822,"['Adventure', 'Drama', 'Science Fiction', 'Action']",en,10.805,Okja,7.5,2146
13508,"['Thriller', 'Drama', 'Romance']",ar,0.6,Omar,7.2,86
24231,['Drama'],it,9.161,On My Skin,8.2,1078
23833,"['Drama', 'History']",en,32.624,On the Basis of Sex,7.4,225
23909,"['Comedy', 'Action']",en,19.428,Once Upon a Deadpool,7.0,238
5201,"['Drama', 'Crime']",en,17.717,Once Upon a Time in America,8.4,2243
2618,"['Drama', 'Romance']",en,10.308,One Day,7.2,2105
8065,"['Documentary', 'Music']",en,9.005,One Direction: This Is Us,8.1,370
11571,"['Documentary', 'Music']",en,5.769,One Direction: Where We Are - The Concert,8.4,108
8603,"['Family', 'Documentary']",en,3.199,One Life,7.6,32
18404,"['Documentary', 'Music']",en,2.409,One More Time with Feeling,8.5,43
24747,"['Animation', 'Adventure', 'Family', 'Fantasy']",en,4.895,One Small Step,7.9,54
22039,['Documentary'],en,1.668,One of Us,7.2,38
11167,"['Drama', 'Romance']",en,10.259,Only Lovers Left Alive,7.4,1055
20725,['Drama'],en,14.163,Only the Brave,7.0,603
3247,['Drama'],en,2.726,Oranges and Sunshine,7.2,43
5521,['Drama'],no,6.485,"Oslo, August 31st",7.5,129
17561,"['Drama', 'Comedy']",ja,10.151,Our Little Sister,7.5,166
14756,"['Romance', 'Comedy']",zh,5.308,Our Times,7.8,67
8528,"['Drama', 'Romance']",he,3.934,Out in the Dark,7.1,57
11302,['Action'],ja,8.016,Outrage Beyond,7.1,93
18697,"['Animation', 'Science Fiction', 'Action', 'Adventure']",en,1.697,Overwatch Animated Short: Dragons,7.9,36
18443,"['Action', 'Animation', 'Science Fiction']",en,2.286,Overwatch Animated Short: The Last Bastion,8.0,31
982,"['Drama', 'Comedy']",hi,1.658,PEEPLI [Live],7.6,31
11305,"['Comedy', 'Drama']",hi,7.993,PK,7.8,438
5764,"['Crime', 'Drama']",hi,3.605,Paan Singh Tomar,7.5,48
14253,"['Comedy', 'Adventure', 'Family']",en,13.565,Paddington,7.0,1904
23982,"['Adventure', 'Comedy', 'Family']",en,15.027,Paddington 2,7.5,887
17585,"['Romance', 'Drama', 'Adventure']",es,9.858,Palm Trees in the Snow,7.5,236
5423,"['Animation', 'Family', 'Romance']",en,7.606,Paperman,8.1,1125
23989,"['Drama', 'History', 'Crime']",en,14.656,Papillon,7.4,645
2952,['Documentary'],en,5.493,Paradise Lost 3: Purgatory,7.7,65
8480,['Drama'],de,4.427,Paradise: Faith,7.0,44
18115,['Drama'],hi,4.312,Parched,7.9,37
2940,['Drama'],en,5.625,Pariah,7.0,57
8350,['Documentary'],en,5.733,Particle Fever,7.1,142
5280,"['Animation', 'Comedy', 'Family', 'Fantasy']",en,11.326,Partysaurus Rex,7.2,164
17610,"['Comedy', 'Drama', 'Romance']",en,9.486,Paterson,7.1,736
21155,['Drama'],en,6.934,Patti Cake$,7.0,122
21489,['Comedy'],en,3.472,Patton Oswalt: Annihilation,7.2,33
24076,['History'],en,12.005,"Paul, Apostle of Christ",7.1,98
3175,"['Documentary', 'Music']",en,3.125,Pearl Jam: Twenty,8.2,52
8100,"['Comedy', 'Romance']",th,8.31,Pee Mak Phrakanong,7.3,54
17562,['Drama'],en,10.148,Pelé: Birth of a Legend,7.2,446
17594,"['Comedy', 'Drama']",it,9.731,Perfect Strangers,7.9,2479
24285,['Documentary'],en,8.438,Period. End of Sentence.,8.1,111
24022,['Drama'],sv,13.342,Persona,8.3,726
20706,"['Drama', 'Romance']",en,15.269,Phantom Thread,7.2,1617
8068,['Drama'],en,8.978,Philomena,7.4,945
8325,['Drama'],ko,6.013,Pieta,7.1,144
2826,['Documentary'],de,7.086,Pina,7.4,115
17565,"['Family', 'Animation']",en,10.131,Piper,8.2,866
5239,"['Comedy', 'Music', 'Romance']",en,13.886,Pitch Perfect,7.3,4233
801,['Science Fiction'],en,2.172,Pixels,7.1,35
437,"['Comedy', 'Drama', 'Romance']",es,5.164,Plan B,7.2,45
2816,['Drama'],ko,7.202,Poetry,7.6,94
2768,['Drama'],fr,7.682,Polisse,7.8,670
14282,"['Adventure', 'Animation', 'Fantasy']",ja,11.588,Pom Poko,7.1,368
3159,"['Action', 'Science Fiction']",en,3.233,Portal: No Escape,7.1,52
14588,"['Action', 'Adventure', 'Science Fiction']",en,6.602,Power/Rangers,7.2,146
286,"['Drama', 'History', 'TV Movie']",en,7.372,Prayers for Bobby,7.9,220
14252,"['Science Fiction', 'Thriller']",en,13.625,Predestination,7.4,3332
11232,"['Drama', 'Comedy']",en,8.864,Pride,7.9,743
7938,"['Drama', 'Thriller', 'Crime']",en,14.358,Prisoners,8.0,5785
358,"['Family', 'Animation']",ja,6.308,Professor Layton and the Eternal Diva,7.7,78
20843,"['Drama', 'Romance']",en,10.309,Professor Marston and the Wonder Women,7.3,364
21013,"['Comedy', 'Crime', 'Mystery', 'TV Movie']",en,8.061,Psych: The Movie,7.3,67
17885,"['Science Fiction', 'Animation', 'Action']",ja,6.495,Psycho-Pass: The Movie,7.2,81
11613,"['Thriller', 'Animation', 'Fantasy']",ja,5.301,Puella Magi Madoka Magica the Movie Part I: Beginnings,7.6,55
17896,"['Thriller', 'Animation', 'Fantasy']",ja,6.393,Puella Magi Madoka Magica the Movie Part II: Eternal,8.0,53
8212,"['Mystery', 'Animation', 'Fantasy']",ja,7.05,Puella Magi Madoka Magica the Movie Part III: Rebellion,7.6,78
8282,"['Animation', 'Comedy', 'Family', 'Science Fiction']",en,6.363,Puppy,7.3,138
11588,"['Comedy', 'Drama']",hi,5.523,Queen,7.4,122
17757,['Drama'],en,7.564,Queen of Katwe,7.1,225
3402,"['Documentary', 'Music']",en,2.144,Queen: Days of Our Lives,7.9,38
24644,"['Documentary', 'Music', 'History']",en,5.571,Quincy,8.0,34
24131,['Documentary'],en,10.643,RBG,7.8,121
543,['Drama'],en,3.549,RSC Live: Hamlet,7.7,37
17665,"['Action', 'Drama']",en,8.705,Race,7.2,910
14667,"['Adventure', 'Documentary']",en,5.998,Racing Extinction,8.0,80
15506,['Documentary'],en,1.459,Raiders!: The Story of the Greatest Fan Film Ever Made,7.2,31
21137,"['Action', 'Science Fiction', 'Horror']",en,7.017,Rakka,7.1,89
23815,"['Family', 'Animation', 'Comedy', 'Fantasy', 'Adventure']",en,48.057,Ralph Breaks the Internet,7.2,2626
18015,"['Thriller', 'Crime']",hi,5.41,Raman Raghav 2.0,7.3,51
17808,['Drama'],is,7.101,Rams,7.2,115
14297,"['Action', 'Drama', 'History']",ja,10.885,Ran,8.1,600
17526,"['Drama', 'Horror']",fr,11.437,Raw,7.1,1449
23840,"['Adventure', 'Science Fiction']",en,30.029,Ready Player One,7.6,7021
8176,"['Drama', 'Comedy']",it,7.412,Reality,7.2,128
24186,['Drama'],en,9.752,Rebel Without a Cause,7.7,740
14831,"['Documentary', 'History']",en,4.393,Red Army,7.5,77
21153,"['TV Movie', 'Comedy', 'Romance']",en,6.938,Red Nose Day Actually,7.4,130
410,"['Thriller', 'Crime', 'Drama', 'Mystery']",en,5.499,Red Riding: In the Year of Our Lord 1980,7.1,73
350,"['Thriller', 'Crime', 'Drama', 'Mystery']",en,6.423,Red Riding: In the Year of Our Lord 1983,7.0,70
210,"['Fantasy', 'Drama', 'Action', 'Thriller', 'Animation']",ja,8.436,Redline,7.4,110
14695,"['Animation', 'Comedy', 'Science Fiction', 'TV Movie']",en,5.844,Regular Show: The Movie,7.4,63
17739,"['Drama', 'Thriller']",en,7.779,Remember,7.4,303
92,"['Drama', 'Romance']",en,11.453,Remember Me,7.1,2079
8129,"['TV Movie', 'Romance', 'Drama']",en,7.819,Remember Sunday,7.1,332
18023,['Documentary'],en,5.329,Requiem for the American Dream,7.8,92
304,"['Documentary', 'War']",en,7.119,Restrepo,7.5,188
8724,['Documentary'],en,2.602,Rewind This!,7.0,33
12345,['Documentary'],en,1.507,Rich Hill,7.1,33
24351,['Comedy'],en,7.81,Ricky Gervais: Humanity,8.0,126
14478,"['Animation', 'Family']",en,7.606,Riley's First Date?,7.1,308
8664,"['Animation', 'Drama', 'History', 'Romance']",pt,2.871,Rio 2096: A Story of Love and Fury,7.7,32
5225,"['Animation', 'Family', 'Fantasy']",en,14.934,Rise of the Guardians,7.3,3697
2476,"['Thriller', 'Action', 'Drama', 'Science Fiction']",en,22.995,Rise of the Planet of the Apes,7.2,7259
24463,"['Documentary', 'Comedy']",en,6.864,Robin Williams: Come Inside My Mind,8.0,58
62,"['Comedy', 'Science Fiction', 'Animation']",en,13.062,Robot Chicken: Star Wars Episode III,7.5,60
11618,"['Documentary', 'Music']",en,5.244,Roger Waters: The Wall,8.3,81
20655,"['Action', 'Adventure', 'Science Fiction']",en,21.401,Rogue One: A Star Wars Story,7.5,9296
23905,['Drama'],es,20.04,Roma,7.8,1859
17407,"['Drama', 'Thriller']",en,20.0,Room,8.1,5494
8117,"['Animation', 'Science Fiction']",ja,7.976,Royal Space Force - The Wings Of Honneamise,7.1,43
5321,"['Comedy', 'Romance', 'Fantasy', 'Drama']",en,9.624,Ruby Sparks,7.1,906
11296,"['Music', 'Drama', 'Comedy']",en,8.03,Rudderless,7.4,149
5316,"['Action', 'Drama', 'History']",ja,9.759,Rurouni Kenshin,7.4,245
14381,"['Action', 'Adventure', 'Drama']",ja,8.903,Rurouni Kenshin: The Legend Ends,7.6,147
7934,"['Drama', 'Action']",en,14.623,Rush,7.7,3877
602,"['Documentary', 'Music']",en,3.089,Rush: Beyond the Lighted Stage,8.3,33
5351,"['Drama', 'Romance']",fr,8.879,Rust and Bone,7.2,769
8058,['Romance'],en,9.095,Safe Haven,7.1,1433
21195,"['Animation', 'Comedy', 'Drama', 'Romance']",ja,6.414,Sailor Moon R: The Movie,7.5,32
21393,['Drama'],sv,4.399,Sami Blood,7.4,47
5573,"['Drama', 'Documentary']",en,6.015,Samsara,8.2,276
11175,"['Fantasy', 'Romance', 'Science Fiction']",de,10.071,Sapphire Blue,7.1,614
21326,['Comedy'],en,5.161,Sarah Silverman: A Speck of Dust,7.3,44
2821,"['Drama', 'War']",fr,7.132,Sarah's Key,7.3,408
15059,"['Comedy', 'TV Movie']",en,2.71,Saturday Night Live 40th Anniversary Special,7.1,42
8035,"['Comedy', 'Drama', 'History']",en,9.585,Saving Mr. Banks,7.4,2050
11055,"['Horror', 'Mystery', 'Crime']",en,19.127,Saw,7.4,4795
24576,['Drama'],sv,6.095,Sawdust and Tinsel,7.3,60
24603,"['Drama', 'Romance']",sv,5.952,Scenes from a Marriage,8.2,88
23861,"['Drama', 'History', 'War']",en,25.334,Schindler's List,8.5,8065
11951,"['Comedy', 'Music']",en,2.548,School Dance,7.2,48
311,"['Animation', 'Comedy', 'Family']",en,7.048,Scooby-Doo! Camp Scare,7.2,52
14622,"['Family', 'Animation', 'Comedy']",en,6.382,Scooby-Doo! and Kiss: Rock and Roll Mystery,7.0,41
17890,['Animation'],en,6.447,Scooby-Doo! and WWE: Curse of the Speed Demon,7.1,33
18184,"['Music', 'Documentary']",en,3.511,Score: A Film Music Documentary,7.7,45
803,"['TV Movie', 'Animation', 'Adventure']",en,2.171,Scott Pilgrim vs. the Animation,7.5,35
41,"['Action', 'Comedy', 'Romance']",en,14.383,Scott Pilgrim vs. the World,7.3,3882
23874,"['Thriller', 'Mystery', 'Drama']",en,23.66,Searching,7.6,1502
5440,"['Documentary', 'Music']",en,7.478,Searching for Sugar Man,7.9,441
176,['Drama'],en,9.059,Secretariat,7.0,200
11199,"['History', 'Drama']",en,9.541,Selma,7.5,1354
2798,['Documentary'],en,7.41,Senna,8.3,437
14963,"['Documentary', 'Science Fiction']",en,3.214,Sense8: Creating the World,7.9,51
15425,"['Drama', 'Comedy']",en,1.651,Seoul Searching,7.4,31
24002,"['Romance', 'Comedy']",en,14.131,Set It Up,7.0,1501
17923,"['Adventure', 'Drama', 'Fantasy', 'Mystery']",en,6.163,Severus Snape and the Marauders,7.3,49
2540,['Drama'],en,13.152,Shame,7.0,1607
12228,['Documentary'],en,1.784,She's Beautiful When She's Angry,8.2,34
18254,"['Animation', 'Music', 'Science Fiction']",ja,3.013,Shelter,8.2,33
2484,"['Adventure', 'Action', 'Crime', 'Mystery']",en,18.301,Sherlock Holmes: A Game of Shadows,7.1,6380
24496,['Documentary'],en,6.633,Shirkers,7.5,36
23928,"['Drama', 'Crime']",ja,17.361,Shoplifters,8.0,492
8019,['Drama'],en,10.035,Short Term 12,7.9,702
8468,"['Comedy', 'Music', 'Fantasy']",en,4.59,Shrek the Musical,7.2,44
8777,['Drama'],it,2.379,Shun Li and the Poet,7.2,35
19,"['Drama', 'Thriller', 'Mystery']",en,18.06,Shutter Island,8.1,12625
17404,"['Action', 'Crime', 'Thriller']",en,20.468,Sicario,7.3,4475
5430,['Documentary'],en,7.528,Side by Side,7.3,162
2853,"['Drama', 'Romance']",es,6.669,Sidewalls,7.7,148
17546,"['Drama', 'History']",en,10.617,Silence,7.1,1560
5218,"['Drama', 'Comedy', 'Romance']",en,15.351,Silver Linings Playbook,7.1,7636
17569,"['Comedy', 'Romance', 'Drama', 'Music']",en,10.102,Sing Street,8.0,1202
373,"['Animation', 'Fantasy']",en,6.157,Sintel,7.6,99
24597,['Drama'],en,5.977,Skate Kitchen,7.1,37
5193,"['Action', 'Adventure', 'Thriller']",en,19.27,Skyfall,7.1,10441
8123,['Thriller'],es,7.9,Sleep Tight,7.0,421
17475,"['Drama', 'History', 'Crime', 'Thriller']",en,13.703,Snowden,7.1,2427
14727,"['Music', 'Drama', 'Documentary', 'Crime']",en,5.597,Soaked in Bleach,7.2,110
24000,"['Comedy', 'Romance']",en,14.2,Some Like It Hot,8.2,1562
5959,['Documentary'],en,2.418,Somm,7.1,35
14388,"['War', 'Drama', 'Thriller']",hu,8.758,Son of Saul,7.2,506
11181,"['Family', 'Animation', 'Fantasy']",en,10.015,Song of the Sea,8.1,700
2706,"['Family', 'Action', 'Drama']",en,8.459,Soul Surfer,7.0,688
8287,"['Documentary', 'Music']",en,6.336,Sound City,7.4,119
5869,['Comedy'],en,2.827,Sound of Noise,7.4,57
2535,"['Thriller', 'Science Fiction', 'Mystery']",en,13.495,Source Code,7.2,4529
14183,"['Action', 'Drama']",en,25.305,Southpaw,7.4,3424
14496,['Drama'],en,7.391,Spare Parts,7.0,90
8298,"['Crime', 'Drama', 'Thriller']",hi,6.224,Special 26,7.3,80
20618,"['Action', 'Adventure', 'Science Fiction', 'Drama']",en,46.775,Spider-Man: Homecoming,7.4,11585
23812,"['Action', 'Adventure', 'Animation', 'Science Fiction', 'Comedy']",en,60.534,Spider-Man: Into the Spider-Verse,8.4,4048
21078,"['Documentary', 'TV Movie']",en,7.513,Spielberg,7.6,109
20626,"['Animation', 'Family', 'Fantasy']",ja,32.043,Spirited Away,8.5,7424
17393,"['Horror', 'Thriller']",en,25.783,Split,7.2,10375
17440,"['Drama', 'Thriller', 'History']",en,16.354,Spotlight,7.8,4935
11070,['Comedy'],en,16.379,St. Vincent,7.1,1069
23987,"['Comedy', 'Drama']",en,14.764,Stan & Ollie,7.1,272
11222,"['Fantasy', 'Animation', 'Family']",ja,9.06,Stand by Me Doraemon,7.1,151
7891,"['Action', 'Adventure', 'Science Fiction']",en,20.487,Star Trek Into Darkness,7.4,6182
11779,"['Adventure', 'Animation', 'Action', 'Science Fiction']",en,3.523,Star Wars Rebels: Spark of Rebellion,7.0,56
14944,"['Adventure', 'Animation', 'Science Fiction', 'Action']",en,3.36,Star Wars Rebels: The Siege of Lothal,7.9,32
15181,"['Science Fiction', 'Action', 'Animation']",en,2.25,Star Wars: TIE Fighter,8.0,54
14172,"['Action', 'Adventure', 'Science Fiction', 'Fantasy']",en,32.281,Star Wars: The Force Awakens,7.4,12641
20624,"['Fantasy', 'Adventure', 'Science Fiction', 'Action']",en,34.293,Star Wars: The Last Jedi,7.0,8534
5553,['Drama'],en,6.219,Starlet,7.0,75
11341,['Drama'],en,7.63,Starred Up,7.2,528
12170,"['Drama', 'TV Movie']",en,1.935,Starving in Suburbia,7.3,40
11480,['Drama'],de,6.434,Stations of the Cross,7.3,51
5758,['Documentary'],en,3.661,Steve Jobs: The Lost Interview,7.5,47
11156,['Drama'],en,10.747,Still Alice,7.5,1946
11582,['Drama'],en,5.624,Still Life,7.6,158
8335,['Drama'],en,5.903,Still Mine,7.2,39
12296,['Documentary'],en,1.651,Stop at Nothing: The Lance Armstrong Story,7.3,38
5436,['Documentary'],en,7.493,Stories We Tell,7.3,111
14281,"['Drama', 'Music']",en,11.731,Straight Outta Compton,7.7,2048
21036,['Drama'],en,7.836,Stronger,7.0,782
8061,"['Drama', 'Comedy']",en,9.038,Stuck in Love,7.3,1175
2797,"['Drama', 'Comedy', 'Romance']",en,7.412,Submarine,7.4,770
14463,"['Drama', 'History']",en,7.763,Suffragette,7.3,982
2884,"['Animation', 'Drama', 'Thriller']",pl,6.292,Suicide Room,7.6,240
11339,"['Drama', 'Romance', 'War']",en,7.652,Suite Française,7.4,669
17420,"['Drama', 'History']",en,18.148,Sully,7.1,3924
21063,['Drama'],ca,7.635,Summer 1993,7.4,81
75,['Animation'],ja,12.275,Summer Wars,7.5,447
24988,"['Drama', 'Comedy']",en,3.383,Sun Dogs,7.1,35
183,"['Action', 'Adventure', 'Animation', 'Family', 'Science Fiction']",en,8.884,Superman/Batman: Apocalypse,7.0,291
74,"['Animation', 'Action']",en,12.395,Superman/Shazam!: The Return of Black Adam,7.1,140
12076,['Documentary'],en,2.185,Supermensch: The Legend of Shep Gordon,7.3,43
17984,"['Documentary', 'Music']",en,5.698,Supersonic,7.5,115
23936,"['Horror', 'Fantasy']",en,16.925,Suspiria,7.0,752
20928,"['Action', 'Adventure', 'Fantasy', 'Romance', 'Animation', 'Science Fiction']",ja,9.147,Sword Art Online: The Movie - Ordinal Scale,7.6,236
17623,"['Action', 'Animation', 'History']",ja,9.255,Sword of the Stranger,7.7,130
20809,"['Crime', 'Drama']",en,11.001,T2 Trainspotting,7.0,1741
3056,['Documentary'],en,4.235,TT3D: Closer to the Edge,8.1,63
5616,"['Drama', 'Romance']",pt,5.572,Tabu,7.3,70
2588,"['Thriller', 'Drama']",en,11.236,Take Shelter,7.2,787
14658,"['Thriller', 'Drama', 'Mystery']",hi,6.09,Talvar,7.5,66
14541,"['Comedy', 'Drama']",en,6.94,Tangerine,7.0,314
8185,"['Drama', 'War']",et,7.331,Tangerines,7.8,192
13,"['Animation', 'Family']",en,21.511,Tangled,7.5,6407
5310,"['Animation', 'Comedy', 'Action', 'Family']",en,9.861,Tangled Ever After,7.1,651
18188,"['Romance', 'Drama']",en,3.493,Tanna,7.2,47
21128,['Drama'],fa,7.076,Taste of Cherry,7.3,139
24255,"['Music', 'Documentary']",en,8.836,Taylor Swift: Reputation Stadium Tour,8.1,123
14621,"['Documentary', 'Music']",en,6.4,Taylor Swift: The 1989 World Tour - Live,8.4,55
18174,['Documentary'],en,3.647,Team Foxcatcher,7.3,58
17566,"['Comedy', 'Fantasy', 'Science Fiction']",en,10.121,Team Thor,7.7,273
21097,"['Science Fiction', 'Comedy', 'Fantasy', 'Documentary']",en,7.315,Team Thor: Part 2,7.4,126
6149,"['Romance', 'Drama', 'Comedy']",da,1.841,Teddy Bear,7.0,34
23946,"['Animation', 'Action', 'Comedy', 'Science Fiction']",en,16.523,Teen Titans Go! To the Movies,7.0,304
20873,"['Science Fiction', 'Animation', 'Action']",en,9.818,Teen Titans: The Judas Contract,7.2,250
316,['Drama'],en,6.875,Temple Grandin,7.8,173
17395,"['Action', 'Thriller', 'Science Fiction']",en,24.604,Terminator 2: Judgment Day,7.9,6682
8336,['Documentary'],en,5.889,Terms and Conditions May Apply,7.1,105
8871,"['Drama', 'Romance']",en,2.13,Test,7.2,37
14357,"['History', 'Drama', 'War']",en,9.251,Testament of Youth,7.4,486
23991,"['Drama', 'War']",no,14.634,The 12th Man,7.5,134
11225,"['Crime', 'Thriller', 'Mystery', 'Drama']",da,8.94,The Absent One,7.1,264
5363,['Documentary'],id,8.63,The Act of Killing,7.8,326
11184,"['War', 'Action', 'Drama', 'History']",ko,9.983,The Admiral: Roaring Currents,7.1,107
14397,"['Fantasy', 'Drama', 'Romance']",en,8.559,The Age of Adaline,7.4,3853
24079,"['Crime', 'Drama']",es,11.868,The Angel,7.0,97
5540,"['Drama', 'Comedy']",en,6.315,The Angels' Share,7.1,243
17938,['Drama'],nl,6.075,The Ardennes,7.1,86
8634,['Documentary'],en,3.01,The Armstrong Lie,7.0,68
2904,"['Adventure', 'Documentary']",en,6.124,The Art of Flight,8.2,95
2623,"['Drama', 'Comedy', 'Romance']",en,10.155,The Artist,7.4,1787
5179,"['Science Fiction', 'Action', 'Adventure']",en,50.289,The Avengers,7.6,19673
21204,"['Comedy', 'Drama']",en,6.285,The Bachelors,7.0,61
23940,"['Comedy', 'Drama', 'Western']",en,16.787,The Ballad of Buster Scruggs,7.2,1604
3032,"['Animation', 'Family', 'Fantasy']",en,4.536,The Ballad of Nessie,7.1,49
24697,['Drama'],ru,5.247,The Banishment,7.2,50
11932,"['Documentary', 'History']",en,2.604,The Barkley Marathons: The Race That Eats Its Young,7.8,48
12177,['Documentary'],en,1.905,The Battered Bastards of Baseball,7.8,36
17519,"['Drama', 'War', 'History']",it,11.557,The Battle of Algiers,8.0,286
17792,"['Documentary', 'Music']",en,7.236,The Beatles: Eight Days a Week - The Touring Years,7.6,162
11297,"['Drama', 'Romance', 'Crime', 'Mystery']",en,8.029,The Best Offer,7.8,1448
11192,"['Drama', 'History', 'Romance']",en,9.647,The Best Years of Our Lives,7.8,243
11256,"['Drama', 'Romance']",en,8.622,The Best of Me,7.3,1512
20987,"['Family', 'Animation']",fr,8.292,The Big Bad Fox and Other Tales,7.4,87
14244,"['Comedy', 'Drama']",en,14.327,The Big Short,7.3,4657
20760,"['Comedy', 'Drama', 'Romance']",en,12.322,The Big Sick,7.4,1302
15115,['Documentary'],en,2.47,The Black Panthers: Vanguard of the Revolution,7.3,33
8119,"['Animation', 'Romance']",en,7.956,The Blue Umbrella,7.7,262
2512,"['Music', 'Comedy', 'Action', 'Crime']",en,14.882,The Blues Brothers,7.7,1972
5320,"['Thriller', 'Mystery']",es,9.642,The Body,7.7,526
431,"['Crime', 'Thriller', 'Comedy']",de,5.223,The Bone Man,7.3,43
8062,['Drama'],en,9.034,The Book Thief,7.5,2788
20783,['Drama'],en,11.567,The Book of Henry,7.5,579
11128,"['Romance', 'Animation', 'Adventure', 'Comedy', 'Family', 'Fantasy']",en,11.392,The Book of Life,7.4,1228
20,"['Action', 'Drama', 'Mystery', 'Thriller']",en,17.935,The Bourne Identity,7.4,5406
18,"['Action', 'Drama', 'Thriller']",en,18.199,The Bourne Supremacy,7.3,4367
33,"['Action', 'Drama', 'Mystery', 'Thriller']",en,15.62,The Bourne Ultimatum,7.4,4440
14286,"['Animation', 'Fantasy']",ja,11.434,The Boy and the Beast,8.0,659
20994,"['Animation', 'Drama', 'War', 'Family']",en,8.208,The Breadwinner,7.9,277
5559,['Drama'],nl,6.151,The Broken Circle Breakdown,7.8,590
8153,['Drama'],en,7.599,The Butler,7.4,1831
11224,"['Comedy', 'Drama', 'Music']",fr,9.013,The Bélier Family,7.0,1481
24175,"['War', 'Drama', 'History']",de,9.978,The Captain,7.2,117
21039,"['Comedy', 'Romance', 'Horror']",en,7.81,The Carmilla Movie,7.9,70
5589,['Documentary'],en,5.901,The Central Park Five,7.2,53
8512,"['Thriller', 'TV Movie', 'Drama', 'History']",en,4.056,The Challenger,7.2,44
17533,"['Drama', 'Romance']",en,11.287,The Choice,7.0,1046
24149,"['Comedy', 'Adventure', 'Family', 'Fantasy']",en,10.322,The Christmas Chronicles,7.0,761
21221,"['Crime', 'Drama']",it,6.152,The Ciambra,7.5,65
8598,['Documentary'],en,3.22,The Class of '92,7.2,48
7895,"['Horror', 'Thriller']",en,18.886,The Conjuring,7.5,5912
17414,"['Horror', 'Mystery', 'Thriller']",en,19.058,The Conjuring 2,7.2,4153
11469,"['Action', 'Crime', 'Thriller']",fr,6.522,The Connection,7.1,409
8576,['Documentary'],en,3.37,The Crash Reel,7.8,40
24621,"['Drama', 'Romance']",ja,5.754,The Crucified Lovers,7.9,40
11551,"['Drama', 'Fantasy']",es,5.902,The Dance of Reality,7.4,87
17505,['Drama'],en,12.082,The Danish Girl,7.7,3655
5182,"['Action', 'Crime', 'Drama', 'Thriller']",en,26.22,The Dark Knight Rises,7.7,13933
24290,"['Documentary', 'Adventure']",en,8.368,The Dawn Wall,8.3,68
5811,['Drama'],ko,3.264,The Day He Arrives,7.0,34
21988,['Documentary'],en,1.768,The Death and Life of Marsha P. Johnson,7.4,36
24085,"['Comedy', 'History']",en,11.697,The Death of Stalin,7.0,733
23983,"['Animation', 'Action', 'Drama', 'Science Fiction']",en,14.909,The Death of Superman,7.4,255
5192,"['Drama', 'Mystery', 'Thriller', 'Fantasy']",en,19.903,The Devil's Advocate,7.3,2622
24028,"['Comedy', 'Drama']",en,13.27,The Disaster Artist,7.2,1895
21333,"['Comedy', 'Drama']",de,5.109,The Divine Order,7.5,49
18079,"['Family', 'Documentary', 'Adventure']",en,4.763,The Eagle Huntress,7.3,49
17520,"['Comedy', 'Drama']",en,11.546,The Edge of Seventeen,7.2,2224
14560,['Drama'],en,6.823,The End of the Tour,7.1,324
11030,"['Thriller', 'Action', 'Crime']",en,28.942,The Equalizer,7.2,4989
20986,['Drama'],en,8.3,The Exception,7.0,179
3130,"['Adventure', 'Animation']",en,3.454,The Fantastic Flying Books of Mr Morris Lessmore,7.7,57
21416,['Documentary'],en,4.101,The Farthest,8.0,40
11072,"['Romance', 'Drama']",en,16.03,The Fault in Our Stars,7.6,7236
23848,"['Drama', 'History', 'Comedy']",en,28.651,The Favourite,7.7,2096
14862,"['Documentary', 'Crime']",en,4.063,The Fear of 13,7.9,72
116,['Drama'],en,10.395,The Fighter,7.3,2325
575,"['Romance', 'Drama']",en,3.331,The First Grader,7.0,51
5284,"['Drama', 'Comedy', 'Romance']",en,11.25,The First Time,7.0,1426
20782,['Drama'],en,11.597,The Florida Project,7.4,1125
5343,"['Drama', 'History', 'War']",zh,9.01,The Flowers of War,7.4,333
20757,"['Drama', 'History']",en,12.349,The Founder,7.0,2093
528,['Drama'],it,3.702,The Four Times,7.6,45
17754,"['Comedy', 'Drama']",en,7.615,The Fundamentals of Caring,7.4,1207
12012,"['TV Movie', 'Drama']",en,2.356,The Gabby Douglas Story,7.4,32
7987,"['Animation', 'Drama', 'Romance']",ja,11.31,The Garden of Words,7.5,859
8473,['Documentary'],en,4.534,The Gatekeepers,7.2,51
8490,['Drama'],ru,4.323,The Geographer Drank His Globe Away,7.0,45
79,"['Action', 'Thriller', 'Crime', 'Mystery']",sv,12.235,The Girl Who Kicked the Hornet's Nest,7.0,705
87,"['Drama', 'Action', 'Thriller', 'Crime', 'Mystery']",sv,11.655,The Girl Who Played with Fire,7.0,881
2486,"['Thriller', 'Crime', 'Mystery', 'Drama']",en,17.823,The Girl with the Dragon Tattoo,7.3,3971
20808,['Drama'],en,11.017,The Glass Castle,7.1,352
11475,['Drama'],en,6.477,The Good Lie,7.4,294
20695,"['Comedy', 'Drama']",en,15.888,The Graduate,7.7,1545
11061,"['Comedy', 'Drama']",en,18.31,The Grand Budapest Hotel,8.0,8091
8022,['Drama'],it,9.937,The Great Beauty,7.4,1518
7924,"['Drama', 'Romance']",en,15.397,The Great Gatsby,7.4,7120
5243,"['Comedy', 'Animation', 'Family']",en,13.348,The Great Mouse Detective,7.1,769
20649,['Drama'],en,22.009,The Greatest Showman,8.0,5197
24287,"['Romance', 'Drama', 'History']",en,8.402,The Guernsey Literary & Potato Peel Pie Society,7.7,594
24127,"['Drama', 'Crime', 'Thriller']",da,10.717,The Guilty,7.3,427
11923,"['Comedy', 'Western']",en,2.622,The Gunfighter,7.5,40
17466,"['Thriller', 'Drama', 'Romance']",ko,14.374,The Handmaiden,8.3,1213
23912,"['Crime', 'Drama']",en,19.135,The Hate U Give,8.2,636
14194,"['Crime', 'Drama', 'Mystery', 'Western']",en,20.681,The Hateful Eight,7.7,8065
2917,"['Comedy', 'Drama']",fr,5.951,The Hedgehog,7.1,155
2552,['Drama'],en,12.598,The Help,8.1,3944
5180,"['Adventure', 'Fantasy', 'Action']",en,26.939,The Hobbit: An Unexpected Journey,7.2,12076
11020,"['Action', 'Adventure', 'Fantasy']",en,53.783,The Hobbit: The Battle of the Five Armies,7.3,8392
7890,"['Adventure', 'Fantasy', 'Action']",en,21.275,The Hobbit: The Desolation of Smaug,7.6,7739
5897,['Documentary'],en,2.661,The House I Live In,7.8,42
23926,"['Drama', 'Horror', 'Crime', 'Thriller']",en,17.556,The House That Jack Built,7.3,752
11280,['Drama'],en,8.26,The Hundred-Foot Journey,7.3,785
5235,"['Science Fiction', 'Adventure', 'Fantasy']",en,14.212,The Hunger Games,7.1,14587
7893,"['Adventure', 'Action', 'Science Fiction']",en,20.187,The Hunger Games: Catching Fire,7.4,11170
7945,['Drama'],da,13.774,The Hunt,8.0,1634
14724,['Documentary'],en,5.609,The Hunting Ground,7.7,92
215,"['Animation', 'Drama']",fr,8.404,The Illusionist,7.4,280
11026,"['History', 'Drama', 'Thriller', 'War']",en,33.078,The Imitation Game,8.1,10396
5228,"['Thriller', 'Drama']",en,14.66,The Impossible,7.2,3614
5372,"['Documentary', 'Mystery']",en,8.423,The Imposter,7.4,402
8312,['Drama'],en,6.115,The Inevitable Defeat of Mister & Pete,7.6,44
18020,"['Drama', 'History']",fr,5.363,The Innocents,7.2,178
24210,"['Drama', 'Crime']",fr,9.395,The Insult,7.6,215
14241,['Comedy'],en,14.377,The Intern,7.1,3373
11474,"['Crime', 'Documentary']",en,6.483,The Internet's Own Boy: The Story of Aaron Swartz,7.9,243
2511,"['Drama', 'Comedy']",fr,15.013,The Intouchables,8.2,9940
20659,"['Mystery', 'Crime', 'Thriller']",es,21.087,The Invisible Guest,8.2,1673
5708,"['Crime', 'Drama', 'History', 'Documentary']",en,4.297,The Invisible War,7.5,67
18761,['Documentary'],en,1.549,The Ivory Game,7.9,35
11069,['Drama'],en,16.464,The Judge,7.3,2356
17727,"['Thriller', 'Mystery', 'Crime']",da,7.872,The Keeper of Lost Causes,7.2,315
25,"['Drama', 'History']",en,16.798,The King's Speech,7.7,5013
8086,"['Comedy', 'Drama']",en,8.605,The Kings of Summer,7.0,668
170,"['Drama', 'Family', 'Romance']",en,9.237,The Last Song,7.2,2199
20665,"['Action', 'Animation', 'Comedy', 'Family', 'Fantasy']",en,19.352,The Lego Batman Movie,7.2,2882
11052,"['Adventure', 'Animation', 'Comedy', 'Family', 'Fantasy']",en,19.375,The Lego Movie,7.4,4839
20977,"['Drama', 'Romance']",en,8.373,The Leisure Seeker,7.3,236
17387,"['Drama', 'Romance']",en,29.887,The Light Between Oceans,7.1,831
21055,"['Romance', 'Drama']",es,7.68,The Lighthouse of the Orcas,7.1,94
2575,"['Crime', 'Drama', 'Thriller']",en,11.812,The Lincoln Lawyer,7.1,1525
2472,"['Family', 'Animation', 'Drama']",en,28.583,The Lion King,8.2,10160
17676,"['Adventure', 'Animation', 'Fantasy', 'Family']",en,8.512,The Little Prince,7.6,1493
14291,"['Drama', 'Romance']",en,11.168,The Longest Ride,7.5,1908
11308,"['History', 'Documentary']",en,7.95,The Look of Silence,8.1,135
3189,"['TV Movie', 'Romance', 'Drama']",en,3.032,The Lost Valentine,7.4,60
11554,"['Drama', 'Romance']",hi,5.888,The Lunchbox,7.3,350
14553,"['Romance', 'Comedy', 'Crime', 'Drama']",it,6.874,The Mafia Kills Only in Summer,7.4,703
5398,"['Comedy', 'Drama']",en,8.027,The Magic of Belle Isle,7.1,187
3148,['Animation'],en,3.318,The Maker,7.8,63
441,['Documentary'],en,5.084,The Making of The Walking Dead,8.0,82
17663,['Drama'],en,8.76,The Man Who Knew Infinity,7.2,699
796,['Drama'],it,2.191,The Man Who Will Come,7.6,33
14207,"['Comedy', 'Action', 'Adventure']",en,18.956,The Man from U.N.C.L.E.,7.1,3525
6052,"['Comedy', 'Drama']",nl,2.062,The Marathon,7.2,40
14188,"['Drama', 'Adventure', 'Science Fiction']",en,22.856,The Martian,7.7,12172
15260,['Documentary'],en,2.035,The Mask You Live In,8.3,49
5255,['Drama'],en,12.829,The Master,7.1,1323
11023,"['Action', 'Mystery', 'Science Fiction', 'Thriller']",en,36.955,The Maze Runner,7.1,10626
24198,['Drama'],en,9.607,The Miracle Season,7.4,120
24037,['Drama'],en,13.0,The Miseducation of Cameron Post,7.1,317
12126,['Documentary'],fr,2.04,The Missing Picture,7.6,35
21596,['Drama'],pt,2.856,The Movie of My Life,7.7,62
2937,['Drama'],en,5.654,The Music Never Stopped,7.3,80
2809,"['Drama', 'Comedy', 'Romance']",fr,7.295,The Names of Love,7.4,159
100,"['Romance', 'Drama', 'Thriller', 'Crime']",en,11.147,The Next Three Days,7.0,1469
17474,"['Comedy', 'Crime', 'Mystery']",en,13.743,The Nice Guys,7.1,4272
24236,"['Action', 'Thriller', 'Crime']",id,9.064,The Night Comes for Us,7.1,206
11238,['Drama'],en,8.837,The Normal Heart,8.0,563
24185,"['Comedy', 'Drama']",en,9.8,The Other Side of the Wind,7.0,64
11762,"['Drama', 'Documentary']",en,3.683,The Overnighters,7.4,40
24349,['Drama'],sv,7.824,The Passion of Anna,7.5,60
8042,"['Drama', 'Mystery']",fr,9.491,The Past,7.3,252
8538,"['Drama', 'War']",fr,3.805,The Patience Stone,7.0,52
5222,['Drama'],en,15.148,The Perks of Being a Wallflower,7.8,5938
8699,['Documentary'],en,2.724,The Pervert's Guide to Ideology,7.5,52
2915,"['Drama', 'Music', 'Romance']",en,5.975,The Phantom of the Opera at the Royal Albert Hall,8.5,53
20700,"['Drama', 'History']",en,15.551,The Post,7.0,2506
11579,"['Animation', 'Comedy']",en,5.702,The Present,7.9,101
23923,['Romance'],en,17.79,The Princess Switch,7.1,1109
20848,"['History', 'Romance', 'Drama']",en,10.158,The Promise,7.1,195
14725,['Animation'],en,5.599,The Prophet,7.5,48
5432,"['Action', 'Crime', 'Drama']",en,7.512,The Punisher: Dirty Laundry,7.2,202
8614,['Documentary'],en,3.093,The Punk Singer,7.2,41
5545,['Documentary'],en,6.28,The Queen of Versailles,7.1,116
5287,"['Action', 'Thriller', 'Crime']",id,11.15,The Raid,7.4,1626
11228,"['Action', 'Crime', 'Thriller']",id,8.888,The Raid 2,7.7,1190
18024,['Documentary'],en,5.329,The Red Pill,7.7,79
21173,"['Animation', 'Drama', 'Fantasy', 'Family']",fr,6.697,The Red Turtle,7.6,555
17411,"['Western', 'Drama', 'Adventure']",en,19.41,The Revenant,7.4,11064
24249,"['Drama', 'Western']",en,8.97,The Rider,7.4,141
12239,"['Documentary', 'History']",en,1.772,The Rise and Rise of Bitcoin,7.1,32
11801,['Drama'],lo,3.284,The Rocket,7.0,33
20889,"['Drama', 'Thriller']",fa,9.618,The Salesman,7.3,394
14532,['Drama'],pt,7.04,The Second Mother,8.0,351
7998,"['Adventure', 'Comedy', 'Drama', 'Fantasy']",en,10.743,The Secret Life of Walter Mitty,7.1,4859
20979,['Drama'],en,8.363,The Secret Scripture,7.4,127
5221,"['Fantasy', 'Animation', 'Family']",ja,15.246,The Secret World of Arrietty,7.6,1234
70,"['Crime', 'Drama', 'Mystery', 'Romance']",es,12.531,The Secret in Their Eyes,7.9,1141
8213,['Drama'],en,7.048,The Selfish Giant,7.4,115
11858,['Documentary'],en,2.897,The Seven Five,7.6,50
24268,"['Fantasy', 'Drama']",sv,8.693,The Seventh Seal,8.2,1163
20891,"['Drama', 'Fantasy']",en,9.559,The Shack,7.1,808
23884,"['Drama', 'Fantasy', 'Romance']",en,22.025,The Shape of Water,7.2,7224
17540,"['War', 'Drama', 'Thriller']",en,10.735,The Siege of Jadotville,7.2,349
24300,"['Drama', 'Romance']",sv,8.227,The Silence,7.6,148
24012,"['Comedy', 'Drama', 'Western']",en,13.738,The Sisters Brothers,7.0,590
2836,"['Drama', 'Horror', 'Mystery', 'Thriller']",es,6.912,The Skin I Live In,7.5,1503
5742,"['Drama', 'History']",es,3.904,The Sleeping Voice,7.0,54
11967,"['Animation', 'Family', 'Fantasy']",en,2.481,The Snowman and The Snowdog,7.0,31
29,['Drama'],en,15.889,The Social Network,7.2,6116
20721,"['Romance', 'Adventure', 'Science Fiction', 'Drama']",en,14.437,The Space Between Us,7.1,1455
24471,"['Drama', 'History']",ko,6.794,The Spy Gone North,7.3,33
8367,"['Documentary', 'Drama', 'History']",ar,5.596,The Square,7.8,84
8435,"['Adventure', 'Documentary']",en,4.889,The Summit,7.1,55
2748,['Drama'],en,7.894,The Sunset Limited,7.3,196
11460,"['Action', 'Thriller']",ko,6.6,The Suspect,7.1,62
24110,"['Drama', 'Mystery']",en,10.962,The Tale,7.4,157
11148,"['Animation', 'Drama', 'Fantasy']",ja,10.97,The Tale of the Princess Kaguya,8.1,662
11095,"['Drama', 'Romance']",en,13.866,The Theory of Everything,7.9,6412
17719,"['Thriller', 'Drama']",en,7.968,The Thinning,7.2,202
18064,"['Action', 'History', 'Thriller', 'Fantasy']",ko,4.999,The Tiger: An Old Hunter's Tale,7.5,38
646,['Documentary'],en,2.813,The Tillman Story,7.5,33
52,"['Crime', 'Drama', 'Thriller']",en,13.476,The Town,7.1,2386
2829,"['Comedy', 'Drama']",en,7.068,The Trip,7.0,159
14625,['Documentary'],en,6.358,The True Cost,7.9,130
2761,['Drama'],hu,7.763,The Turin Horse,7.9,134
8794,['Documentary'],en,2.333,The Unknown Known,7.3,47
9181,"['Documentary', 'History']",en,1.463,The Untold History of the United States,8.3,34
20633,"['Comedy', 'Drama']",en,28.138,The Upside,7.3,274
24330,"['Crime', 'Drama']",sv,7.926,The Virgin Spring,8.0,219
5252,"['Drama', 'Romance']",en,13.046,The Vow,7.1,2409
2935,"['Adventure', 'Comedy', 'Drama']",en,5.754,The Way,7.2,273
11281,"['Drama', 'Romance']",pt,8.256,The Way He Looks,8.1,572
8021,"['Comedy', 'Drama']",en,9.977,The Way Way Back,7.1,1043
17775,"['Documentary', 'War']",ar,7.35,The White Helmets,7.5,109
24058,['Drama'],en,12.374,The Wife,7.2,441
11077,['Animation'],ja,15.62,The Wind Rises,7.8,1291
7883,"['Crime', 'Drama', 'Comedy']",en,29.518,The Wolf of Wall Street,7.9,12411
24311,"['Comedy', 'Crime']",fr,8.169,The World Is Yours,7.0,184
2587,"['Drama', 'Thriller', 'Crime']",ko,11.253,The Yellow Sea,7.4,181
21141,"['History', 'Drama']",fr,7.0,The Young Karl Marx,7.0,126
17897,['Comedy'],en,6.386,The Young Offenders,7.5,94
20781,"['Drama', 'History']",en,11.645,The Zookeeper's Wife,7.4,726
24215,"['Romance', 'Drama', 'Mystery']",no,9.329,Thelma,7.1,368
24276,"['Drama', 'Adventure', 'Comedy']",en,8.604,Then Came You,7.3,63
3322,['Documentary'],en,2.415,These Amazing Shadows,7.6,36
17552,"['Action', 'Drama', 'Comedy', 'Thriller', 'Science Fiction']",it,10.413,They Call Me Jeeg,7.5,1457
24144,"['Documentary', 'History', 'War']",en,10.441,They Shall Not Grow Old,8.1,123
24592,['Documentary'],en,6.001,They'll Love Me When I'm Dead,7.4,41
21230,"['Comedy', 'Drama', 'Fantasy', 'Romance']",en,6.026,This Beautiful Fantastic,7.3,155
6129,['Documentary'],fa,1.91,This Is Not a Film,7.3,37
5366,['Drama'],en,8.585,This Must Be the Place,7.0,589
23819,"['Action', 'Adventure', 'Comedy', 'Fantasy']",en,43.45,Thor: Ragnarok,7.5,11380
20673,"['Crime', 'Drama']",en,17.808,"Three Billboards Outside Ebbing, Missouri",8.2,5432
24088,['Documentary'],en,11.609,Three Identical Strangers,7.6,174
49,"['Romance', 'Drama']",es,13.721,Three Steps Above Heaven,7.5,960
24315,['Drama'],sv,8.131,Through a Glass Darkly,7.9,177
24450,"['Drama', 'Comedy']",en,6.96,Thunder Road,7.0,82
540,['Animation'],en,3.587,Tick Tock Tale,8.0,39
17579,"['Documentary', 'Mystery', 'Thriller']",en,9.913,Tickled,7.4,188
15126,['Documentary'],en,2.438,Tig,7.3,54
8355,['Documentary'],en,5.706,Tim's Vermeer,7.3,91
14498,['Drama'],fr,7.372,Timbuktu,7.0,255
23835,"['Comedy', 'Romance']",en,31.613,To All the Boys I've Loved Before,7.9,4481
11926,['Documentary'],en,2.617,To Be Takei,7.5,38
20778,['Drama'],en,11.817,To the Bone,7.3,2193
8138,"['Drama', 'Thriller', 'Mystery']",fr,7.716,Tom at the Farm,7.0,360
2813,['Drama'],fr,7.258,Tomboy,7.2,295
20811,"['Comedy', 'Drama']",de,10.973,Toni Erdmann,7.1,488
2849,['Drama'],en,6.742,Too Big to Fail,7.1,95
21500,"['Comedy', 'Documentary']",en,3.383,Too Funny to Fail: The Life and Death of The Dana Carvey Show,7.9,33
14993,"['Drama', 'Crime', 'Mystery']",en,3.026,Too Late,7.3,33
12138,['Comedy'],en,2.002,Too Many Cooks,8.1,48
11821,"['TV Movie', 'Action', 'Adventure', 'Documentary']",en,3.101,Top Gear: The Perfect Road Trip,7.3,52
21205,"['Animation', 'Crime', 'Documentary']",en,6.276,Tower,7.8,102
2473,"['Animation', 'Comedy', 'Family']",en,28.005,Toy Story,7.9,10174
10,"['Animation', 'Comedy', 'Family']",en,22.698,Toy Story 2,7.5,7553
7,"['Animation', 'Family', 'Comedy']",en,24.445,Toy Story 3,7.7,8340
10250,"['Adventure', 'Animation', 'Comedy', 'Family', 'Fantasy', 'Horror', 'TV Movie']",en,0.6,Toy Story of Terror!,7.1,413
13516,"['Adventure', 'Drama']",en,0.6,Tracks,7.1,273
14520,"['Adventure', 'Crime', 'Drama', 'Thriller']",pt,7.179,Trash,7.1,353
21520,"['Comedy', 'TV Movie']",en,3.258,Trevor Noah: Afraid of the Dark,7.4,59
24801,"['Comedy', 'TV Movie']",en,4.612,Trevor Noah: Son of Patricia,7.2,39
2938,"['Science Fiction', 'Action', 'Comedy', 'Animation']",ja,5.634,Trigun: Badlands Rumble,7.5,42
8847,"['Fantasy', 'Music', 'Drama']",en,2.193,Tropico,8.4,36
59,"['Drama', 'Adventure', 'Western']",en,13.118,True Grit,7.2,2816
14340,['Drama'],en,9.51,Trumbo,7.2,882
172,"['Comedy', 'Horror']",en,9.159,Tucker and Dale vs. Evil,7.3,1427
24391,"['Horror', 'Fantasy']",hi,7.47,Tumbbad,7.6,42
17871,"['Drama', 'Action', 'Thriller']",ko,6.592,Tunnel,7.1,173
8245,"['Drama', 'Romance', 'War']",it,6.745,Twice Born,7.4,258
14582,"['Family', 'Documentary']",en,6.682,Twinsters,7.4,103
2814,"['Drama', 'Romance']",en,7.234,Tyrannosaur,7.4,213
417,['Drama'],hi,5.376,Udaan,7.2,83
18026,"['Action', 'Crime', 'Drama']",hi,5.305,Udta Punjab,7.2,68
11113,"['Drama', 'War']",en,12.354,Unbroken,7.4,2240
3328,['Documentary'],en,2.397,Undefeated,7.7,37
18475,['Documentary'],ru,2.172,Under the Sun,7.6,49
24726,"['Drama', 'Comedy']",is,5.005,Under the Tree,7.2,36
30,"['Action', 'Thriller']",en,15.886,Undisputed III: Redemption,7.4,302
2948,"['Drama', 'History']",en,5.537,United,7.2,63
12007,"['TV Movie', 'Documentary']",en,2.363,Unlocking Sherlock,7.9,39
23889,"['Action', 'Thriller', 'Science Fiction']",en,21.413,Upgrade,7.4,1326
11653,"['Adventure', 'Documentary']",en,4.824,Valley Uprising,8.1,46
11406,['Drama'],fr,6.964,Venus in Fur,7.3,339
14602,"['Action', 'Comedy', 'Crime']",ko,6.526,Veteran,7.1,78
23902,"['Drama', 'History', 'Comedy']",en,20.125,Vice,7.1,1213
5650,"['Comedy', 'Romance']",hi,5.064,Vicky Donor,7.0,71
14507,"['Crime', 'Drama', 'Romance', 'Thriller']",de,7.307,Victoria,7.8,618
2920,['Drama'],de,5.932,Vincent Wants to Sea,7.1,61
11542,"['Documentary', 'War']",en,5.967,Virunga,8.1,115
18698,['Drama'],en,1.692,Viva,8.0,34
8187,['Drama'],ar,7.321,Wadjda,7.2,209
377,['Documentary'],en,6.068,"Waiting for ""Superman""",7.0,70
5628,"['Drama', 'Thriller']",en,5.385,Wake in Fright,7.6,101
11974,['Science Fiction'],en,2.465,Wanderers,7.4,33
2613,"['Drama', 'War']",en,10.378,War Horse,7.2,1849
14494,"['Drama', 'Romance']",en,7.419,War Room,7.5,171
20645,"['Drama', 'Science Fiction', 'War']",en,23.445,War for the Planet of the Apes,7.0,5235
2504,['Drama'],en,15.478,Warrior,7.8,2189
527,['Documentary'],en,3.707,Waste Land,7.7,51
5558,['Documentary'],en,6.169,We Are Legion: The Story of the Hacktivists,7.0,122
8265,['Comedy'],es,6.501,We Are the Nobles,7.0,123
5272,"['Drama', 'Thriller']",en,11.964,We Need to Talk About Kevin,7.6,1306
2716,"['Drama', 'Romance']",en,8.326,Weekend,7.5,287
18003,['Documentary'],en,5.545,Weiner,7.6,99
5593,['Documentary'],en,5.841,West of Memphis,7.5,73
20694,"['Science Fiction', 'Thriller', 'Drama']",en,15.933,What Happened to Monday,7.2,3507
14632,"['Documentary', 'Music']",en,6.313,"What Happened, Miss Simone?",7.6,173
8225,['Drama'],en,6.904,What Maisie Knew,7.1,236
329,['Comedy'],ru,6.675,What Men Talk About,7.7,71
11135,"['Comedy', 'Horror']",en,11.186,What We Do in the Shadows,7.6,1594
21215,['Documentary'],en,6.224,What the Health,7.5,151
14292,"['Animation', 'Drama']",ja,11.134,When Marnie Was There,7.8,683
406,"['Documentary', 'Music']",en,5.582,When You're Strange,7.6,85
5463,"['Drama', 'Comedy']",fr,7.156,Where Do We Go Now?,7.4,89
24418,"['War', 'Drama', 'Romance']",en,7.244,Where Hands Touch,7.8,43
11764,['Drama'],en,3.676,Where Hope Grows,7.1,36
14519,['Documentary'],en,7.181,Where to Invade Next,7.4,250
8293,"['Drama', 'Music']",en,6.298,Whiplash,7.9,94
23967,"['Animation', 'Family']",fr,15.879,White Fang,7.2,69
365,['Drama'],fr,6.262,White Material,7.1,57
24549,"['Documentary', 'Music']",en,6.218,Whitney,7.9,79
11178,['Thriller'],de,10.043,Who Am I,7.7,676
8166,"['Drama', 'Action', 'Comedy']",ja,7.5,Why Don't You Play in Hell?,7.4,117
11173,['Drama'],en,10.098,Wild,7.0,1454
24211,['Drama'],sv,9.381,Wild Strawberries,8.1,595
11171,"['Drama', 'Thriller', 'Comedy']",es,10.105,Wild Tales,7.8,1564
20710,"['Crime', 'Drama', 'Mystery', 'Thriller']",en,14.908,Wind River,7.4,2437
24250,['Drama'],sv,8.968,Winter Light,8.0,140
11236,['Drama'],tr,8.84,Winter Sleep,7.7,228
14759,['Documentary'],uk,5.289,Winter on Fire: Ukraine's Fight for Freedom,8.1,104
2639,"['Drama', 'Romance']",sv,9.918,With Every Heartbeat,7.2,108
7971,"['Animation', 'Drama', 'Family', 'Fantasy']",ja,12.316,Wolf Children,8.2,1056
14464,['Drama'],en,7.76,Woman in Gold,7.4,787
24056,['Documentary'],en,12.439,Won't You Be My Neighbor?,8.3,204
20662,"['Drama', 'Family']",en,20.101,Wonder,8.2,3959
20628,"['Adventure', 'Fantasy', 'War', 'Romance']",en,31.618,Wonder Woman,7.3,12566
17998,['Drama'],en,5.575,Woodlawn,7.0,79
2931,['Documentary'],en,5.802,Woody Allen: A Documentary,7.4,82
14634,"['Animation', 'Comedy', 'Science Fiction', 'Drama']",en,6.294,World of Tomorrow,8.0,163
5187,"['Family', 'Animation', 'Comedy', 'Adventure']",en,22.967,Wreck-It Ralph,7.3,7780
11022,"['Action', 'Adventure', 'Fantasy', 'Science Fiction']",en,41.867,X-Men: Days of Future Past,7.5,10062
3672,"['Action', 'Science Fiction', 'Adventure']",en,1.447,X-Men: First Class,7.2,8211
5710,"['Drama', 'Romance']",he,4.29,Yossi,7.0,31
175,['Drama'],en,9.071,You Don't Know Jack,7.0,176
5774,"['Music', 'Comedy', 'Romance']",en,3.502,You Instead,7.0,51
11423,['Drama'],en,6.874,You're Not You,7.4,448
17389,"['Romance', 'Animation', 'Drama']",ja,28.238,Your Name.,8.6,4161
24199,"['Comedy', 'Romance', 'TV Movie', 'Fantasy']",en,9.591,Z-O-M-B-I-E-S,7.1,142
2663,['Documentary'],en,9.15,Zeitgeist: Moving Forward,7.1,104
563,"['Animation', 'Drama']",en,3.366,Zero,7.4,35
17860,['Documentary'],en,6.689,Zero Days,7.5,111
17391,"['Animation', 'Adventure', 'Family', 'Comedy']",en,27.549,Zootopia,7.7,9977
21358,"['Horror', 'Science Fiction']",en,4.822,Zygote,7.2,60
11506,"['Animation', 'Drama']",ja,6.272,anohana: The Flower We Saw That Day - The Movie,7.4,45
20707,"['Drama', 'Horror', 'Mystery']",en,15.227,mother!,7.0,3458
